id,number,state,milestone,title,comments_count,labels_count,user_name,created_at,uploaded_at,closed_at
1368484320,45992,open,null,allow direct uploads to work within engines,1,2,pinzonjulian,2022-09-10T04:03:43Z,2022-09-10T05:02:23Z,
1368449903,45991,open,null,Add Enumerable#find_by,0,1,americodls,2022-09-10T01:21:11Z,2022-09-10T02:34:22Z,
1368385305,45990,closed,null,Use devcontainer features to install github CLI,0,0,rafaelfranca,2022-09-09T22:33:34Z,2022-09-09T22:52:21Z,2022-09-09T22:52:21Z
1368349321,45989,closed,null,"Corrected hyperlink address in help manual -h, -c option by removing the unnecessary bracket.",5,1,creaturenex,2022-09-09T21:33:36Z,2022-09-09T22:23:37Z,2022-09-09T22:15:06Z
1368343535,45988,closed,null,"Incorrect link present when using the help menu -h, under -c option.",1,0,creaturenex,2022-09-09T21:24:01Z,2022-09-09T21:37:32Z,2022-09-09T21:37:31Z
1368324310,45987,closed,null,Added ability to download `.eml` file for the email preview.,0,3,igorkasyanchuk,2022-09-09T21:04:56Z,2022-09-09T21:39:59Z,2022-09-09T21:39:59Z
1368309465,45986,closed,null,added Download EML file for email previews,0,2,igorkasyanchuk,2022-09-09T20:45:57Z,2022-09-09T21:04:10Z,2022-09-09T21:04:06Z
1368256645,45985,closed,null,Extract annotations using a parser for Ruby files,0,1,kddnewton,2022-09-09T19:47:28Z,2022-09-09T20:07:29Z,2022-09-09T20:07:29Z
1368144421,45984,open,null,Cannot Eager Load has_many :through Relationships with custom scope,0,0,dcorrigan,2022-09-09T17:47:35Z,2022-09-09T17:47:35Z,
1368057899,45983,open,null,ApplicationTests::TestRunnerTest#test_load_fixtures_when_running_test_suites fails with Ruby 3.2.0.preview2,0,1,yahonda,2022-09-09T16:27:15Z,2022-09-09T16:27:27Z,
1367933102,45982,open,null,Move InternalMetadata to an independent object,0,2,eileencodes,2022-09-09T14:42:21Z,2022-09-09T20:05:41Z,
1367928986,45981,closed,null,Mysql2Adapter remove reference to closed connection,4,1,casperisfine,2022-09-09T14:39:11Z,2022-09-09T15:16:16Z,2022-09-09T14:51:37Z
1367686128,45980,open,null,add documentation for assocation scope block with owner argument,1,1,braindeaf,2022-09-09T11:21:49Z,2022-09-09T13:24:34Z,
1367627360,45979,closed,null,Support prerelease rubies in Gemfile template,1,1,deivid-rodriguez,2022-09-09T10:31:36Z,2022-09-09T19:44:19Z,2022-09-09T19:44:19Z
1367291822,45978,closed,null,Replace hardcoded 'ImageMagick' with generic 'variant processor' in Guides,0,1,Zhong-z,2022-09-09T05:04:03Z,2022-09-09T13:11:24Z,2022-09-09T13:11:24Z
1367099614,45977,closed,null,Add `:locals` to ActionView rendering instrumentation,0,2,aarongough,2022-09-08T23:43:06Z,2022-09-09T21:16:49Z,2022-09-09T19:45:42Z
1367075969,45976,closed,null,Add italic and underline support to `ActiveSupport::LogSubscriber#color`,0,2,gmcgibbon,2022-09-08T23:01:06Z,2022-09-10T04:43:52Z,2022-09-10T04:43:50Z
1367022907,45975,closed,null,Delegate application record generator description to orm hooked generator.,0,2,gmcgibbon,2022-09-08T21:47:36Z,2022-09-09T16:32:34Z,2022-09-09T16:32:31Z
1367009642,45974,closed,null,Improve plugin generator docs,0,1,gmcgibbon,2022-09-08T21:30:14Z,2022-09-10T03:40:48Z,2022-09-10T03:40:45Z
1367004689,45973,closed,null,Improve app generator docs,0,1,gmcgibbon,2022-09-08T21:25:08Z,2022-09-09T21:03:40Z,2022-09-09T21:03:38Z
1366983804,45972,closed,null,"Revert ""Replace `method_source` gem with stdlib equivalent""",0,1,rafaelfranca,2022-09-08T21:01:22Z,2022-09-08T21:21:46Z,2022-09-08T21:21:45Z
1366953877,45971,closed,null,"improve ""in_order_of"" to allow string column name",2,5,igorkasyanchuk,2022-09-08T20:32:40Z,2022-09-09T20:25:01Z,2022-09-09T19:39:34Z
1366644511,45970,closed,null,Add RDoc for ActiveRecord::Result#cast_values,1,1,mechnicov,2022-09-08T16:25:41Z,2022-09-08T16:32:53Z,2022-09-08T16:30:06Z
1366628146,45969,open,null,Update documentation to prevent confusion on the stub going back automatically,0,1,albertski,2022-09-08T16:12:14Z,2022-09-08T16:16:43Z,
1366388630,45968,closed,null,Fix typo in :active_record_suppressor_registry symbol,2,1,gabrielso,2022-09-08T13:55:50Z,2022-09-08T14:25:45Z,2022-09-08T14:25:40Z
1366038829,45967,open,null,Inconsistent update of timestamps while updating associations with *_ids=,0,1,matthee,2022-09-08T10:51:09Z,2022-09-09T03:10:33Z,
1365882892,45966,closed,null,Enable `Minitest/AssertRaisesWithRegexpArgument` cop,0,0,koic,2022-09-08T09:25:14Z,2022-09-08T09:45:57Z,2022-09-08T09:43:53Z
1365815866,45965,closed,null,Enable `Minitest/AssertRaisesWithRegexpArgument` cop,0,2,koic,2022-09-08T08:47:33Z,2022-09-08T09:11:05Z,2022-09-08T09:10:07Z
1365568327,45964,closed,null,"Fix ServerTiming in Threads, use single subscriber ",0,1,jhawthorn,2022-09-08T05:47:00Z,2022-09-09T17:20:18Z,2022-09-09T17:20:18Z
1365316408,45963,closed,null,Make contributing guide consistent about bug fixes [ci skip],0,1,skipkayhil,2022-09-07T23:50:09Z,2022-09-08T21:16:37Z,2022-09-08T14:35:04Z
1365168225,45962,closed,null,Fix loading records with encrypted attributes defined on columns with default values,1,1,fatkodima,2022-09-07T20:48:15Z,2022-09-08T14:33:33Z,2022-09-08T08:46:18Z
1365061334,45961,closed,null,Make connection_pool_list take an explicit argument,0,1,eileencodes,2022-09-07T18:49:32Z,2022-09-07T19:15:52Z,2022-09-07T19:15:48Z
1364924787,45960,closed,null,Encrypted values for default values in test fixures do not work,0,3,gjtorikian,2022-09-07T16:34:59Z,2022-09-08T08:46:19Z,2022-09-08T08:46:19Z
1364232810,45959,open,null,JSON field not saving data with symbol : and it's saving with arrow =>,1,2,sajjadmurtaza,2022-09-07T07:40:12Z,2022-09-08T07:23:26Z,
1364025826,45958,open,null,WIP: Add a cache per-request partial lookup cache to lookup context,0,1,jhawthorn,2022-09-07T03:07:13Z,2022-09-07T07:19:06Z,
1363996967,45957,closed,null,Make ActionView::PathSet immutable,0,1,jhawthorn,2022-09-07T02:14:41Z,2022-09-07T18:41:51Z,2022-09-07T18:40:54Z
1363961129,45956,closed,null,ActionDispatch::Cookies json deserializer discards marshal dumps,0,2,nbcraft,2022-09-07T01:06:07Z,2022-09-09T23:54:58Z,2022-09-09T22:14:04Z
1363905513,45955,closed,null,Fix grammatical issue,2,2,gjtorikian,2022-09-06T23:16:00Z,2022-09-09T19:06:31Z,2022-09-09T17:49:45Z
1363869828,45954,open,null,Extract h1 headings from ActionText content,0,1,equivalent,2022-09-06T22:14:16Z,2022-09-07T09:49:57Z,
1363777199,45953,closed,null,Update redis and resque,0,1,byroot,2022-09-06T20:26:09Z,2022-09-07T17:35:38Z,2022-09-07T17:35:34Z
1363537361,45952,closed,null,Add ability to run only before/around/after callbacks in run_callbacks,4,1,Trevor-Whitaker,2022-09-06T16:27:35Z,2022-09-08T16:51:46Z,2022-09-08T16:51:46Z
1363185876,45951,closed,null,Fix ActiveSupport::CurrentAttributes for Ruby 3,0,1,vojtad,2022-09-06T12:11:21Z,2022-09-06T13:14:44Z,2022-09-06T13:14:44Z
1363069820,45950,open,null,Add puma app server to Gemfile in order to start test/dummy,1,1,donapieppo,2022-09-06T10:32:04Z,2022-09-10T01:03:29Z,
1362899537,45949,open,null,ActionText::Attachable#as_json override is breaking ActiveStorage::Blob#as_json when blob is not persisted,0,0,balbesina,2022-09-06T08:26:39Z,2022-09-06T08:26:39Z,
1362482882,45948,closed,null,Improve `word_wrap` performance,6,1,jonathanhefner,2022-09-05T21:31:19Z,2022-09-07T17:05:02Z,2022-09-07T17:04:58Z
1362469023,45947,closed,null,Expand `word_wrap` test coverage,0,1,jonathanhefner,2022-09-05T21:07:53Z,2022-09-05T21:26:42Z,2022-09-05T21:26:42Z
1361974456,45946,open,null,[ci-skip] Add a new Rails guide page for Error Reporter,2,1,st0012,2022-09-05T13:28:51Z,2022-09-07T13:54:40Z,
1361880835,45945,closed,null,Disable prepared_statements by default for mysql2 adapter,0,1,ilianah,2022-09-05T12:36:06Z,2022-09-09T15:40:49Z,2022-09-09T15:40:49Z
1361594925,45944,closed,null,Add puma app server to Gemfile in order to start test/dummy,0,1,donapieppo,2022-09-05T08:36:53Z,2022-09-06T09:57:29Z,2022-09-06T09:57:29Z
1361477047,45943,open,null,Reset AR::Relation in bulk insert and upsert methods,0,1,quadule,2022-09-05T06:43:31Z,2022-09-05T06:43:34Z,
1361213257,45942,closed,null,Replace rstrip with chomp!(break_sequence) in word_wrap,2,1,maxim,2022-09-04T17:54:05Z,2022-09-05T21:02:53Z,2022-09-05T21:02:49Z
1361175243,45941,open,null,Added `blob_url` to the response of direct uploads API,0,1,AbhayVAshokan,2022-09-04T15:06:23Z,2022-09-04T15:13:36Z,
1361068466,45940,closed,null,Add workflow for updating license years,0,0,tenshiAMD,2022-09-04T07:29:47Z,2022-09-06T20:50:12Z,2022-09-06T20:16:05Z
1360876688,45939,open,null,Validations aren't inherited from base model if child is called before validation declaration,3,1,Exterm1nate,2022-09-03T14:46:42Z,2022-09-08T07:26:36Z,
1360804150,45938,closed,null,The description of `--api` option doesn't make sense,1,1,ttanimichi,2022-09-03T09:10:46Z,2022-09-06T04:03:34Z,2022-09-05T22:26:10Z
1360779604,45937,open,null,Add strict table mode (by default) to sqlite adapter,0,1,jrz,2022-09-03T07:01:02Z,2022-09-08T07:30:35Z,
1360726403,45936,closed,null,The description of `force_plural` doesn't make sense,1,1,ttanimichi,2022-09-03T02:11:35Z,2022-09-06T04:03:42Z,2022-09-05T22:07:31Z
1360628746,45935,closed,null,Show BCC field in mailer preview,3,2,the-spectator,2022-09-02T21:34:45Z,2022-09-08T18:02:56Z,2022-09-08T17:00:26Z
1360540847,45934,closed,null,Speed up arel visitor dispatch,0,1,jhawthorn,2022-09-02T19:29:22Z,2022-09-03T21:12:50Z,2022-09-02T20:35:15Z
1360366858,45933,open,null,Add supporting of SQL functions to AR#select,0,1,alextrueman,2022-09-02T15:52:04Z,2022-09-06T20:19:46Z,
1360358096,45932,open,null,Migrate Rails Guides from `Turbolinks` to `Turbo`,0,1,marcoroth,2022-09-02T15:43:06Z,2022-09-05T21:20:15Z,
1360213795,45931,closed,null,Do not mutate relation when implicitly selecting a primary key in `ActiveRecord.find`,0,1,fatkodima,2022-09-02T13:41:20Z,2022-09-02T14:05:57Z,2022-09-02T14:05:57Z
1360031019,45930,closed,null,rails test not working in windows by default: FFI is required,1,0,githubrarp,2022-09-02T10:55:04Z,2022-09-02T12:00:34Z,2022-09-02T12:00:34Z
1359850725,45929,closed,null,cannot send mail in rails,1,0,hminhduc,2022-09-02T08:08:16Z,2022-09-02T08:47:42Z,2022-09-02T08:47:42Z
1359800974,45928,closed,null,Add missing documentation for Rails.error,0,1,casperisfine,2022-09-02T07:16:49Z,2022-09-02T07:50:09Z,2022-09-02T07:50:09Z
1359436234,45927,closed,null,Avoid using `render(...) and return` in example code,0,2,r7kamura,2022-09-01T21:37:59Z,2022-09-01T23:01:18Z,2022-09-01T22:09:49Z
1359321388,45926,closed,null,Support `thread_mattr_accessor` in anonymous classes,0,1,jonathanhefner,2022-09-01T19:40:30Z,2022-09-01T20:47:12Z,2022-09-01T20:47:12Z
1359304066,45925,closed,null,Avoid using Module#<= in value_for,3,1,HParker,2022-09-01T19:23:43Z,2022-09-01T21:33:57Z,2022-09-01T21:33:57Z
1359250964,45924,closed,null,Fix bug in connection handler methods using all pools,0,1,eileencodes,2022-09-01T18:35:21Z,2022-09-07T18:04:43Z,2022-09-07T18:04:41Z
1358987748,45923,closed,null,Change ActiveStorage migration version from 5.2 to 7.0,0,1,compeak,2022-09-01T14:58:29Z,2022-09-01T21:52:29Z,2022-09-01T21:52:29Z
1358965338,45922,closed,null,ActiveStorage installation migration ignores `ActiveRecord::ConnectionAdapters::PostgreSQLAdapter.datetime_type`,2,0,compeak,2022-09-01T14:43:38Z,2022-09-01T21:52:30Z,2022-09-01T21:52:30Z
1358710403,45921,closed,null,Allow AR::QueryMethods#select to accept a hash,0,1,alextrueman,2022-09-01T11:42:17Z,2022-09-01T13:34:15Z,2022-09-01T13:34:15Z
1358179995,45920,open,null,Replace has_one through create_association might create duplicated rows,6,1,lazaronixon,2022-09-01T03:05:07Z,2022-09-01T23:03:40Z,
1357912084,45919,closed,null,`<<` function of `ActiveRecord::Associations::CollectionProxy` unexpected return value,2,0,youssef1337,2022-08-31T21:52:45Z,2022-09-01T16:58:14Z,2022-09-01T16:35:40Z
1357878724,45918,closed,null,Freeze `thread_mattr_accessor` default values,6,1,jonathanhefner,2022-08-31T21:13:28Z,2022-09-01T21:03:19Z,2022-09-01T21:03:19Z
1357740475,45917,closed,null,Add `:request` to `redirect.action_dispatch` payload,1,2,jonathanhefner,2022-08-31T19:00:33Z,2022-09-01T20:21:33Z,2022-09-01T20:21:32Z
1357271611,45916,closed,null,Reduce calls to pool_configs,4,1,eileencodes,2022-08-31T12:33:42Z,2022-09-08T15:23:22Z,2022-09-08T15:23:20Z
1356966707,45915,closed,null,Address `NameError: uninitialized constant ActiveSupport::ErrorReporter::TestHelper`,1,1,yahonda,2022-08-31T08:10:20Z,2022-08-31T11:44:26Z,2022-08-31T08:41:37Z
1356871131,45914,closed,null,Lock redis version to v4 until #45913 is resolved,0,1,yahonda,2022-08-31T06:44:39Z,2022-08-31T07:27:06Z,2022-08-31T07:22:30Z
1356482599,45913,closed,null,Active Job integration tests for `resque` and `sidekiq` fail with `redis` 5.0.1 and `redis-client` 0.7.1,4,1,yahonda,2022-08-30T23:52:34Z,2022-09-07T17:35:35Z,2022-09-07T17:35:35Z
1356456571,45912,closed,null,Update changelog linter [ci skip],3,0,skipkayhil,2022-08-30T23:27:38Z,2022-08-31T03:00:53Z,2022-08-31T03:00:26Z
1356173599,45911,closed,null,"[ActiveStorage] Return ""Range Not Satisfiable"" return code for partial downloads with incorrect range",0,2,fatkodima,2022-08-30T18:55:13Z,2022-09-02T06:29:53Z,2022-09-02T06:29:53Z
1356093940,45910,closed,null,Fix punctuation in `has_secure_password` docs.,1,1,sanjioh,2022-08-30T17:35:10Z,2022-08-30T19:03:09Z,2022-08-30T19:03:09Z
1355869907,45909,closed,null,Docs: Example should append to ignored_columns,1,1,tommyh,2022-08-30T14:34:31Z,2022-08-30T15:32:59Z,2022-08-30T15:32:59Z
1355850871,45908,closed,null,Move SchemaMigration to an independent object,0,2,eileencodes,2022-08-30T14:21:46Z,2022-09-09T14:18:02Z,2022-09-09T14:18:02Z
1355807166,45907,closed,null,"Fix typo in ""Configuring Rails Applications"" guide",3,1,eitoball,2022-08-30T13:50:52Z,2022-09-02T13:30:52Z,2022-08-30T13:55:51Z
1355732552,45906,open,7.0.4,High object allocation count from `ActiveRecord::ConnectionAdapters::PoolManager#pool_configs `,2,2,amarchenkoshopify,2022-08-30T12:58:42Z,2022-08-31T12:37:42Z,
1355513541,45905,closed,null,Pass options accessor to Cache#fetch block,0,1,casperisfine,2022-08-30T10:07:52Z,2022-08-30T12:19:56Z,2022-08-30T12:19:56Z
1355177941,45904,closed,null,Replace `method_source` gem with stdlib equivalent,5,1,brasic,2022-08-30T05:13:45Z,2022-09-09T19:47:10Z,2022-08-30T14:25:10Z
1355115046,45903,closed,null,Backport #45851,0,0,skipkayhil,2022-08-30T03:29:26Z,2022-08-30T06:13:33Z,2022-08-30T06:13:33Z
1354601339,45902,open,null,Validate option keys passed to #change(),3,1,vlad-pisanov,2022-08-29T16:59:52Z,2022-09-06T16:40:01Z,
1354555667,45901,open,null,bin/rails dbconsole should include_password by default,0,2,wpeterson,2022-08-29T16:19:45Z,2022-08-30T00:17:43Z,
1353742006,45900,closed,null,Lock que version to v1 until #45899 is resolved,1,1,yahonda,2022-08-29T05:53:02Z,2022-08-30T11:01:41Z,2022-08-29T06:13:57Z
1353676820,45899,open,null,Active Job unit tests fail using que 2.2.0,6,1,yahonda,2022-08-29T04:24:06Z,2022-09-09T15:33:02Z,
1353494343,45898,closed,null,"Revert ""Remove `Rails::Application` `assets` accessor""",0,1,rafaelfranca,2022-08-28T23:08:08Z,2022-08-28T23:09:38Z,2022-08-28T23:09:37Z
1353282107,45897,closed,null,Fix typo in security rails guide.,0,1,krishnasingh001,2022-08-28T08:16:33Z,2022-08-28T16:14:08Z,2022-08-28T16:14:08Z
1353194095,45896,closed,null,Fix reverting the addition of invalid foreign keys and check constraints,0,1,fatkodima,2022-08-27T23:01:30Z,2022-08-29T22:28:41Z,2022-08-29T22:28:41Z
1353055299,45895,closed,null,Add `redirect.action_dispatch` to Action Dispatch,1,1,yykamei,2022-08-27T14:09:09Z,2022-08-27T22:00:04Z,2022-08-27T15:45:31Z
1353028254,45894,closed,null,Fixed typo in Getting Started guide,0,1,YoussefHenna,2022-08-27T12:05:58Z,2022-08-27T12:09:29Z,2022-08-27T12:09:21Z
1352793907,45893,open,null,ActiveRecord: HMT with conditions does not update the in-memory collection when pushing new objects,0,1,joanniclaborde,2022-08-26T22:40:12Z,2022-08-30T15:33:35Z,
1352752342,45892,closed,null,Raise or Rails.error.report if ActiveSupport::Cache is given an invalid expiration time,8,3,trevorturk,2022-08-26T21:31:08Z,2022-08-30T15:31:58Z,2022-08-30T15:31:35Z
1352405006,45891,closed,null,Make internal links to `errors` in the Active Record Validations guide,4,1,elebow,2022-08-26T15:14:59Z,2022-09-01T20:17:07Z,2022-09-01T20:17:07Z
1351993167,45890,closed,null,ActiveStorage: Partial downloads with incorrect range throw a RoutingError and 404 not found,3,3,alietz,2022-08-26T09:16:10Z,2022-09-02T06:29:54Z,2022-09-02T06:29:54Z
1351479107,45889,closed,null,ActiveStorage NoMethodError: undefined method `upload' for nil:NilClass,1,2,mridul911,2022-08-25T21:43:23Z,2022-09-06T12:27:39Z,2022-09-06T12:27:39Z
1351409368,45888,closed,null,propshaft broken by change in rails/main,3,0,strobilomyces,2022-08-25T20:24:29Z,2022-08-31T08:12:21Z,2022-08-28T23:09:38Z
1351248192,45887,closed,null,Add exclude? method to ActionController::Parameters,2,2,ianneub,2022-08-25T17:47:21Z,2022-09-09T20:46:04Z,2022-09-09T20:46:04Z
1351234214,45886,closed,null,Add missing status code in the destroy method generated by the scaffold generator,3,1,ldeld,2022-08-25T17:33:23Z,2022-08-25T19:17:04Z,2022-08-25T19:15:14Z
1350775119,45885,open,null,Documented the options available for image processing,1,1,iainbeeston,2022-08-25T11:50:46Z,2022-09-05T09:04:53Z,
1350473022,45884,closed,null,Fix RedisCacheStore#delete_entry interface,0,1,ChrisBr,2022-08-25T07:47:58Z,2022-08-25T08:01:42Z,2022-08-25T08:01:42Z
1350160123,45883,closed,null,Extend dangerous attribute methods with dangerous methods from Object,0,1,fatkodima,2022-08-25T00:30:27Z,2022-08-25T07:52:51Z,2022-08-25T07:52:51Z
1349769889,45882,closed,null,Stop gap solution for long output on test cases,0,1,tenderlove,2022-08-24T17:05:04Z,2022-08-24T20:45:52Z,2022-08-24T20:45:52Z
1349752581,45881,closed,null,missed @ for article in form_with tag,2,1,rinoldsimon,2022-08-24T16:49:56Z,2022-08-24T17:21:18Z,2022-08-24T17:21:08Z
1349546108,45880,open,null,Google search links to old API docs,2,1,abraham,2022-08-24T14:33:55Z,2022-08-25T23:48:01Z,
1349392218,45879,closed,null,No implicit conversion of String into Integer (TypeError) - when commiting record to the database,5,2,bcoelh0,2022-08-24T12:46:51Z,2022-08-25T07:52:52Z,2022-08-25T07:52:52Z
1349185373,45878,closed,null,Remove `Rails::Application` `assets` accessor,0,1,etiennebarrie,2022-08-24T10:04:28Z,2022-08-24T13:36:19Z,2022-08-24T13:36:18Z
1348411761,45877,open,null,Clarify `composed_of` allows a Hash for `mapping`,0,1,neilvilela,2022-08-23T18:58:56Z,2022-08-23T18:58:59Z,
1348253034,45876,closed,null,Prevent leaking PII when broadcast payload in production,3,1,kimyu92,2022-08-23T16:56:47Z,2022-08-25T17:59:34Z,2022-08-25T17:52:19Z
1348113785,45875,closed,null,Better rails runner output for missing files,0,1,tekin,2022-08-23T15:09:52Z,2022-08-25T17:37:02Z,2022-08-24T13:38:43Z
1347524619,45874,closed,null,Extend `routes --grep` to also filter routes by matching against path,7,3,orhantoy,2022-08-23T08:09:48Z,2022-08-25T21:11:18Z,2022-08-25T14:56:21Z
1347439008,45873,closed,null,Backport Redis 5.0 compatibility (7-0-stable),0,2,casperisfine,2022-08-23T07:00:37Z,2022-08-23T08:43:32Z,2022-08-23T08:43:31Z
1347369150,45872,closed,null,Fixes #45868 by Using #to_hash to serialize `AS::HWIA` for stored attributes,5,1,the-spectator,2022-08-23T05:42:01Z,2022-08-25T09:05:56Z,2022-08-24T19:32:13Z
1347231334,45871,open,null,Add postgres multirange support,3,1,gustavowt,2022-08-23T02:21:03Z,2022-09-05T17:11:47Z,
1346845246,45870,closed,null,Clean up schema load tasks,0,1,eileencodes,2022-08-22T18:52:49Z,2022-08-22T19:10:25Z,2022-08-22T19:10:23Z
1346522253,45869,closed,null,Remove unnecessary class_eval from log_subscriber.rb,2,1,the-spectator,2022-08-22T14:34:02Z,2022-08-23T03:08:50Z,2022-08-22T17:29:59Z
1346133220,45868,closed,null,ActiveRecord store deserialization fails with nested objects,4,2,tkalliom,2022-08-22T09:55:29Z,2022-08-24T19:32:14Z,2022-08-24T19:32:14Z
1345591567,45867,open,null,Make the test environment show rescuable exceptions in responses,0,6,jdufresne,2022-08-21T20:50:11Z,2022-08-21T20:50:14Z,
1345342715,45866,closed,null,JSON rendered as empty array of strings when bundling edge Rails,2,1,izaguirrejoe,2022-08-21T00:48:56Z,2022-09-04T16:50:17Z,2022-09-04T16:50:17Z
1345330114,45865,closed,null,Update `rubocop-performance` and enable more performance-related cops,5,12,fatkodima,2022-08-20T23:26:32Z,2022-08-26T13:03:54Z,2022-08-26T13:03:53Z
1345283993,45864,open,null,Add Relation#select_append method to append to default selection.,10,1,simi,2022-08-20T20:37:47Z,2022-08-25T20:05:27Z,
1345108932,45863,closed,null,Update README.md,0,1,Prithivi-Raj,2022-08-20T09:41:18Z,2022-09-01T22:50:15Z,2022-09-01T22:50:15Z
1344852334,45862,closed,null,Move InternalMetadata to migration context,0,1,eileencodes,2022-08-19T20:05:59Z,2022-08-19T20:29:12Z,2022-08-19T20:29:09Z
1344796510,45861,closed,null,"Rails 7, cannot be loaded  js controllers in production",3,1,sergitejada,2022-08-19T18:52:35Z,2022-08-30T14:42:05Z,2022-08-30T14:42:04Z
1344778585,45860,closed,null,Add binary column default value support to sqlite,2,2,HParker,2022-08-19T18:30:18Z,2022-08-21T14:47:44Z,2022-08-19T21:00:57Z
1344435497,45859,closed,null,Do not return CSP headers for 304 Not Modified responses,1,1,kratob,2022-08-19T13:20:16Z,2022-08-23T20:13:13Z,2022-08-23T20:13:09Z
1344310755,45858,closed,null,Redis 5.0.0 compatibility test,3,3,casperisfine,2022-08-19T11:23:21Z,2022-08-19T21:06:32Z,2022-08-19T21:06:32Z
1344302599,45857,closed,null,Replace MutexHook by MonitorHook to allow reentrancy,1,1,casperisfine,2022-08-19T11:16:25Z,2022-08-20T18:03:41Z,2022-08-19T21:04:15Z
1344284227,45856,closed,null,Redis 5.0.0 compatibility,1,3,casperisfine,2022-08-19T10:58:22Z,2022-08-22T08:17:17Z,2022-08-22T08:17:17Z
1344267488,45855,closed,null,Fix trivial typo,0,1,akmhmgc,2022-08-19T10:40:37Z,2022-08-19T12:29:53Z,2022-08-19T12:29:53Z
1344230301,45854,closed,null,Bug when broadcasting TaggedLogging(without a block) loggers.,0,1,tmimura39,2022-08-19T10:05:36Z,2022-09-08T16:03:57Z,2022-09-08T16:03:57Z
1344037745,45853,closed,null,Update guides for update_all ,2,1,dacook,2022-08-19T07:08:31Z,2022-08-31T07:47:31Z,2022-08-31T07:47:22Z
1343689966,45852,closed,null,Enabling executor_around_test_case and disabling allow_concurrency fails controller tests,2,2,JiaboHou,2022-08-18T21:57:06Z,2022-08-19T21:04:16Z,2022-08-19T21:04:16Z
1343572611,45851,closed,null,Install specific version of codespell,0,0,jhawthorn,2022-08-18T19:59:56Z,2022-08-18T20:05:01Z,2022-08-18T20:04:55Z
1343525133,45850,closed,null,Fix assoc_hash handling in ripper tracker,0,1,HParker,2022-08-18T19:29:06Z,2022-08-19T19:26:41Z,2022-08-19T19:26:41Z
1343411014,45849,closed,null,Reuse strict locals templates for any locals,0,1,jhawthorn,2022-08-18T17:40:23Z,2022-08-19T19:27:02Z,2022-08-19T19:26:59Z
1343363891,45848,closed,null,"Fix ""unmarshalable"" test for minitest 5.16.3",0,1,jhawthorn,2022-08-18T16:50:41Z,2022-08-18T17:29:11Z,2022-08-18T17:28:39Z
1343151854,45847,closed,null,Proposal: MySQL UUID Proposal [Draft],12,1,pnegri,2022-08-18T14:01:09Z,2022-09-08T07:34:43Z,2022-09-08T07:34:43Z
1343150404,45846,closed,null,7-0-stable still breaks with ActiveRecord.serialize with yaml coder,3,0,renatolond,2022-08-18T14:00:04Z,2022-08-22T08:46:34Z,2022-08-22T08:46:34Z
1343108033,45845,closed,null,`xml_name_escape`: Optimize the common case by 2-3x,4,1,iancanderson,2022-08-18T13:31:49Z,2022-08-30T15:11:48Z,2022-08-18T21:25:09Z
1342959363,45844,closed,null,ActionView output_buffer issue on newly registered view file types,3,2,rikkipitt,2022-08-18T11:24:22Z,2022-09-06T09:27:30Z,2022-09-06T09:27:30Z
1342616760,45843,closed,null,Fix some small formatting issues [ci-skip],0,1,p8,2022-08-18T06:25:41Z,2022-08-18T06:31:52Z,2022-08-18T06:31:49Z
1342220730,45842,closed,null,Log a warning if ActiveSupport::Cache is given an expiration in the past,2,1,trevorturk,2022-08-17T19:47:20Z,2022-08-26T21:32:24Z,2022-08-18T22:32:13Z
1341960150,45841,closed,null,Configure a Base class per database for multi db setups,6,2,jwoodrow,2022-08-17T15:40:16Z,2022-09-02T21:15:12Z,2022-09-02T21:15:12Z
1341925433,45840,closed,null,Reference consistency check correction,0,1,sizief,2022-08-17T15:14:01Z,2022-08-18T12:51:11Z,2022-08-18T12:51:11Z
1341323333,45839,open,null,"support more cloud storage: direct upload with form data, customize HTTP method and response type",0,1,xiaohui-zhangxh,2022-08-17T07:41:48Z,2022-08-25T14:21:48Z,
1341004704,45838,closed,null,Tailwind isn't working with Rails7 and React(jsbundling),1,0,mikinovation,2022-08-17T00:16:04Z,2022-08-17T10:31:42Z,2022-08-17T10:31:10Z
1340957718,45837,open,null,FFmpeg (5.0+) has updated the tag where rotation info is retrieved from,1,2,hahmed,2022-08-16T22:49:47Z,2022-08-26T14:26:24Z,
1340848154,45836,closed,null,Reduce String allocations in `xml_name_escape`,0,1,iancanderson,2022-08-16T20:30:31Z,2022-08-17T11:59:56Z,2022-08-16T20:50:20Z
1340844004,45835,closed,null,Define and raise error if `legacy_connection_handling=` is called from an app,0,2,eileencodes,2022-08-16T20:26:11Z,2022-08-16T22:30:54Z,2022-08-16T21:42:21Z
1340629955,45834,open,null,Ensure binary column defaults are not hex in MySQL 8.0.3+,12,1,HParker,2022-08-16T16:53:18Z,2022-08-29T08:05:06Z,
1339634616,45833,closed,null,Rescue EOFError error from rack on a multipart request,0,1,nvasilevski,2022-08-15T23:28:04Z,2022-08-16T14:51:36Z,2022-08-16T14:33:37Z
1339487378,45832,open,null,MySQL 8.0 VARBINARY default value is hexadecimal,3,2,HParker,2022-08-15T20:42:09Z,2022-08-16T10:23:16Z,
1339270488,45831,closed,null,Add description of breaking changes and the deprecation cycle to guides.,1,1,p8,2022-08-15T17:36:43Z,2022-08-18T06:33:17Z,2022-08-18T04:25:35Z
1338922250,45830,open,null,ActiveRecord Rollbacks on errors which happen on commit,11,2,Baxxx,2022-08-15T12:09:14Z,2022-08-25T13:32:26Z,
1338360109,45829,closed,null,Nested attribute docs improvements,1,3,ghiculescu,2022-08-14T22:03:20Z,2022-09-09T21:28:14Z,2022-09-09T21:28:13Z
1338286964,45828,open,null,Speed up no-op nested attributes save,6,1,janko,2022-08-14T16:03:59Z,2022-08-19T21:39:35Z,
1338076651,45827,closed,null,Add String#downcase_first method,6,2,markaschneider,2022-08-13T22:42:14Z,2022-09-08T22:15:56Z,2022-09-08T22:15:56Z
1337836753,45826,closed,null,Psych::DisallowedClass in xxxcontroller#update Tried to load unspecified class: ActiveSupport::TimeWithZone,3,1,laptopmutia,2022-08-13T03:06:24Z,2022-08-15T12:55:13Z,2022-08-15T12:55:12Z
1337703878,45825,closed,null,Remove NULL default check,2,1,ahoglund,2022-08-12T21:02:32Z,2022-08-18T15:43:35Z,2022-08-18T15:43:35Z
1337497698,45824,open,null,Fix plugin generation inside applications,1,1,skipkayhil,2022-08-12T17:17:07Z,2022-08-17T19:23:17Z,
1337409694,45823,open,null,Change Column with Raw Character Set Failure,0,2,ahoglund,2022-08-12T16:21:50Z,2022-08-12T20:47:38Z,
1337253221,45822,open,null,ActiveRecord: Wrong results returned by ActiveRecord::Associations::Preloader when intermediate association is already preloaded.,1,1,yopzer,2022-08-12T14:06:55Z,2022-08-18T23:36:35Z,
1336949359,45821,closed,null,"ActiveRecord ""endless"" range for >=, =<, < but not >",2,1,olegantonyan,2022-08-12T09:07:09Z,2022-08-24T18:34:52Z,2022-08-24T18:34:52Z
1336924182,45820,open,null,Fix shared state from memoization of virtual attribute default procs,0,2,quadule,2022-08-12T08:42:38Z,2022-08-12T08:42:42Z,
1336877343,45819,closed,null,doc: correct the web socket url when creating consumer,8,1,OlivierJM,2022-08-12T07:54:02Z,2022-08-23T11:35:17Z,2022-08-23T11:34:23Z
1336798366,45818,closed,null,Use error_highlight gem to locate the columns where an error was raised,7,3,mame,2022-08-12T06:17:20Z,2022-08-23T16:03:19Z,2022-08-23T15:46:55Z
1336797388,45817,open,null,Value of attribute default proc is shared between instances after dup + dirty tracking,0,2,quadule,2022-08-12T06:16:00Z,2022-08-15T15:56:11Z,
1336782839,45816,closed,null, ruby 3.1.1- cannot load such file -- net/ftp (LoadError),3,0,artisr,2022-08-12T05:53:23Z,2022-08-12T19:46:13Z,2022-08-12T19:46:12Z
1336760714,45815,closed,null,How to build a micro service using Ruby on Rails ?,0,0,SanjayKumaR0007,2022-08-12T05:13:10Z,2022-08-12T13:46:35Z,2022-08-12T13:46:35Z
1336683216,45814,closed,null,test ActiveRecord main branch  with TiDB nightly ,0,1,hooopo,2022-08-12T02:35:23Z,2022-08-12T02:39:56Z,2022-08-12T02:39:56Z
1336676923,45813,closed,null,ActiveRecord test with TiDB nightly ,0,1,hooopo,2022-08-12T02:23:40Z,2022-08-12T02:26:32Z,2022-08-12T02:26:31Z
1336467785,45812,closed,null,single-table inheritance mechanism failed to locate subclass,4,0,holcomb1977,2022-08-11T20:39:03Z,2022-08-12T14:32:48Z,2022-08-11T21:04:31Z
1336333190,45811,open,null,Update docs for `conf.hosts` to be more explicit about the main domain,0,1,augustocbx,2022-08-11T18:23:42Z,2022-08-16T13:37:54Z,
1336120006,45810,open,null,rails dbconsole defaults to include_password,0,1,wpeterson,2022-08-11T15:21:39Z,2022-09-10T00:53:41Z,
1336074609,45809,closed,null,Parallel tests & PG custom tsearch,1,0,KevinBerthier,2022-08-11T14:49:33Z,2022-08-11T15:08:02Z,2022-08-11T15:07:44Z
1335889067,45808,closed,null,Make `check_constraint_exists?` public,1,1,fatkodima,2022-08-11T12:26:58Z,2022-08-19T21:21:01Z,2022-08-19T21:20:05Z
1335274669,45807,closed,null,Run DROP DEFAULT for NULL value; Add text type checks,3,1,ahoglund,2022-08-10T22:39:20Z,2022-08-12T20:57:04Z,2022-08-12T20:55:55Z
1335017293,45806,closed,null,Expose `#schema_creation` methods,1,1,adrianna-chang-shopify,2022-08-10T18:29:38Z,2022-08-12T16:06:24Z,2022-08-12T16:06:23Z
1334890678,45805,closed,null,Rails 7 weird `ActiveRecord::NoDatabaseError` during development,3,1,masterkain,2022-08-10T16:36:17Z,2022-08-13T19:39:26Z,2022-08-10T20:15:30Z
1334597990,45804,closed,null,`ActiveRecord::Associations::Preloader` ignores `available_records` when association has a scope,2,1,tbuehlmann,2022-08-10T13:05:26Z,2022-08-12T20:27:37Z,2022-08-12T20:27:27Z
1334500936,45803,closed,null,undefined method `queue_as' for ActionMailer::MailDeliveryJob:Class (NoMethodError),5,0,sonaligvc,2022-08-10T11:45:27Z,2022-08-10T12:45:45Z,2022-08-10T12:45:45Z
1333928678,45802,closed,null,[ci-skip] Docs: Update belongs_to [:default] option section,0,1,EduardoGHdez,2022-08-10T00:52:31Z,2022-08-10T15:03:41Z,2022-08-10T14:33:03Z
1333775038,45801,closed,null,Test,0,0,uday708,2022-08-09T20:51:19Z,2022-08-09T21:12:05Z,2022-08-09T21:12:05Z
1333729087,45800,closed,null,active_record:multi_db generator seems to be missing,3,1,JoaoPedroAssis,2022-08-09T20:05:31Z,2022-08-10T01:45:00Z,2022-08-10T01:44:59Z
1333514640,45799,closed,null,Asset folder is not created,6,1,josephmo,2022-08-09T16:38:29Z,2022-08-10T20:45:28Z,2022-08-10T20:45:28Z
1333506227,45798,open,null,Adds schema parameter into enable_extension,7,1,lomefin,2022-08-09T16:30:41Z,2022-08-30T17:59:25Z,
1333307287,45797,closed,null,PostgresqlTimestampFixtureTest#test_bc_timestamp fails with Ruby 3.2.0dev ,1,1,yahonda,2022-08-09T14:01:48Z,2022-08-18T23:43:16Z,2022-08-18T23:43:16Z
1333232195,45796,closed,null,Optimize AS::LogSubscriber,4,7,casperisfine,2022-08-09T13:06:31Z,2022-08-22T08:43:50Z,2022-08-22T08:43:50Z
1333074356,45795,open,null,"Create returns ""id: 0"" when id type is set to UUID when using MySQL",3,1,Shuttleu,2022-08-09T10:51:26Z,2022-08-14T15:48:50Z,
1332999733,45794,open,null,Action Cable client goes in a connection loop if you subscribe multiple times to the same channel,0,1,ProGM,2022-08-09T09:48:36Z,2022-08-17T17:57:27Z,
1332849690,45793,open,null,"Schema.db ""Unknown type 'uuid' for column 'id'"" when using MySQL",8,1,Shuttleu,2022-08-09T07:44:17Z,2022-08-18T14:01:50Z,
1332664887,45792,closed,null,Ensure collation is set to database default when changing column to binary,2,1,ahoglund,2022-08-09T03:41:53Z,2022-08-10T02:42:34Z,2022-08-09T23:20:14Z
1332570977,45791,open,null,Google::Apis::ClientError raised when using ActiveStorage to generate signed URLs to access a file in a GCS bucket with GKE Workload Identity,0,1,danielyazbek,2022-08-09T01:05:08Z,2022-08-09T15:53:58Z,
1332247157,45790,open,null,[AR] Fix uniqueness validation on association not using overridden PK,1,1,mikeletscher,2022-08-08T18:39:35Z,2022-08-09T11:13:19Z,
1331426502,45789,closed,null,Add ActionView::OutputBuffer#concat back,1,1,casperisfine,2022-08-08T07:04:59Z,2022-08-09T17:48:22Z,2022-08-08T07:05:44Z
1331198014,45788,closed,null,Correct the description for reject_unauthorized_connection,0,3,Erol,2022-08-08T01:26:36Z,2022-08-08T12:46:36Z,2022-08-08T12:46:36Z
1330866111,45787,closed,null,Remove incorrect 7.0 framework default,1,1,skipkayhil,2022-08-06T23:05:39Z,2022-08-07T02:52:37Z,2022-08-07T01:40:54Z
1330864404,45786,closed,null,Docs: Update ErrorSubscriber signature [ci-skip],4,2,shalvah,2022-08-06T22:53:14Z,2022-08-11T08:05:46Z,2022-08-11T00:06:51Z
1330864261,45785,closed,null,Add missing and fix incorrect version defaults (7-0-stable),0,1,skipkayhil,2022-08-06T22:51:55Z,2022-08-07T02:52:25Z,2022-08-07T01:30:24Z
1330861412,45784,closed,null,Add missing and fix incorrect version defaults,3,2,skipkayhil,2022-08-06T22:29:57Z,2022-08-07T03:11:48Z,2022-08-07T01:28:29Z
1330834921,45783,open,null,[AR] Fix result with anonymous PG columns of different type from json,4,1,shhavel,2022-08-06T19:45:27Z,2022-08-08T09:52:16Z,
1330725463,45782,closed,null,Fix `EtagWithFlash` when there is no Flash middleware available,2,2,fatkodima,2022-08-06T11:16:01Z,2022-08-08T13:46:41Z,2022-08-08T13:46:41Z
1330695816,45781,closed,null,ActiveStorage ProxyController crashes in API-only apps,3,2,chvp,2022-08-06T08:54:13Z,2022-08-08T13:46:42Z,2022-08-08T13:46:42Z
1330672400,45780,closed,null,Fix typo in CHANGELOG.md,0,1,jordelver,2022-08-06T06:56:45Z,2022-08-06T11:41:43Z,2022-08-06T10:27:09Z
1330408826,45779,closed,null,Mention associations in Form Helpers guide [ci-skip],0,1,jonathanhefner,2022-08-05T21:21:39Z,2022-08-13T11:18:08Z,2022-08-12T20:44:00Z
1330360134,45778,open,null,ActiveStorage attachments are lost when casting using Becomes,2,1,markedmondson,2022-08-05T20:19:16Z,2022-08-09T18:05:34Z,
1330341035,45777,closed,null,ActionView::Template::Error: undefined method `concat' for ActionView::OutputBuffer,5,1,kyrofa,2022-08-05T19:59:37Z,2022-08-08T07:05:45Z,2022-08-08T07:05:45Z
1330262624,45776,open,null,Add support for managing collations in PostgreSQL,4,2,daniel-bryant,2022-08-05T18:36:36Z,2022-08-09T11:59:14Z,
1330225377,45775,open,null,Uniqueness validation on association does not use the correct primary key,6,1,mikeletscher,2022-08-05T18:10:22Z,2022-08-09T14:52:33Z,
1330170349,45774,closed,null,Ensure `drop_enum` is always reversible,1,1,jonathanhefner,2022-08-05T17:05:54Z,2022-08-06T02:35:18Z,2022-08-06T02:35:18Z
1330152069,45773,closed,null,Only setup shared pools if we have a connection,2,1,eileencodes,2022-08-05T16:45:05Z,2022-08-08T13:30:54Z,2022-08-05T17:07:53Z
1330125251,45772,closed,null,Don't store `ddl` on schema definitions,0,1,adrianna-chang-shopify,2022-08-05T16:14:23Z,2022-08-08T12:45:20Z,2022-08-08T12:45:20Z
1330108834,45771,open,null,Type cast #attribute_changed? :from and :to options,0,2,andrewn617,2022-08-05T15:56:30Z,2022-08-05T19:25:42Z,
1330085210,45770,open,null,Update docs for `.unscoped` to be explicit about associations,0,2,RyanMacG,2022-08-05T15:32:41Z,2022-08-05T19:28:37Z,
1330010599,45769,closed,null,Fix argument error in nil pool config,1,1,eileencodes,2022-08-05T14:26:44Z,2022-08-05T16:37:08Z,2022-08-05T16:37:06Z
1329931475,45768,closed,null,Define `#build_change_column_null_definition` for MySQL and PostgreSQL,1,1,adrianna-chang-shopify,2022-08-05T13:19:04Z,2022-08-05T15:03:36Z,2022-08-05T15:03:28Z
1329781610,45767,closed,null,ArgumentError due to nil `pool_config` when calling `connects_to` ,1,1,lsylvester,2022-08-05T10:57:02Z,2022-08-05T17:07:53Z,2022-08-05T17:07:53Z
1329650798,45766,open,null,Active Model Dirty: attribute_changed? options (from/to) do not accept symbol,1,2,thomasvanholder,2022-08-05T08:54:51Z,2022-08-07T20:25:55Z,
1329599711,45765,closed,null,[ci skip] Add basic create_enum and drop_enum in CommandRecorder documentations,1,1,sampatbadhe,2022-08-05T08:07:57Z,2022-08-05T17:10:18Z,2022-08-05T17:10:16Z
1329346415,45764,open,null,Add `:save_history` option to `stream_from`,0,1,mansakondo,2022-08-05T01:52:43Z,2022-08-06T20:10:13Z,
1329223453,45763,closed,null,Secondary,1,0,tusmusgun,2022-08-04T22:11:19Z,2022-08-04T22:15:49Z,2022-08-04T22:15:49Z
1328860955,45762,closed,null,Improve failure safety for `RedisCacheStore#delete_multi`,0,1,fatkodima,2022-08-04T16:00:10Z,2022-08-05T11:57:00Z,2022-08-05T11:57:00Z
1328855746,45761,closed,null,In Ruby on Rails 7.0.3.1 with Bootstrap 5.2 Uglifier error in production mode,8,0,Sega100500,2022-08-04T15:55:37Z,2022-08-05T15:56:08Z,2022-08-05T11:55:10Z
1328194697,45760,closed,null,ActiveRecord does not correctly format a parameterized array of bytes when querying a binary column,1,0,postmodern,2022-08-04T07:31:38Z,2022-08-04T08:19:08Z,2022-08-04T08:19:08Z
1328184489,45759,closed,null,ActiveRecord does not correctly parameterize queries against binary columns,5,0,postmodern,2022-08-04T07:22:01Z,2022-08-04T09:15:37Z,2022-08-04T08:49:57Z
1327892229,45758,open,null,ActiveRecord 6.1 and JSONB: Incorrect results value/type when using both arrow operator and double arrow operator in the same SELECT statement,5,1,shhavel,2022-08-03T23:42:39Z,2022-08-05T22:26:04Z,
1327892069,45757,closed,null,ActiveRecord 6.0 and JSONB: Incorrect results value/type when using both arrow operator and double arrow operator in the same SELECT statement,1,0,shhavel,2022-08-03T23:42:16Z,2022-08-04T00:26:13Z,2022-08-04T00:26:13Z
1327874392,45756,closed,null,Avoid calling to_s at end of ERB,3,1,jhawthorn,2022-08-03T23:07:57Z,2022-08-04T18:16:37Z,2022-08-04T18:16:37Z
1327804530,45755,open,null,Factor out `validates_secure_password`,0,1,jonathanhefner,2022-08-03T21:21:10Z,2022-08-03T21:21:13Z,
1327799747,45754,closed,null,Add example of conditionally requiring a password [ci-skip],0,1,jonathanhefner,2022-08-03T21:15:18Z,2022-08-03T21:49:21Z,2022-08-03T21:17:45Z
1327783106,45753,closed,null,"Revert ""Allow passing hash on secure password validations""",0,1,jonathanhefner,2022-08-03T20:59:33Z,2022-08-03T21:13:47Z,2022-08-03T21:13:47Z
1327776549,45752,closed,null,Improvements to `assert_enqueued_email_with`,0,2,tomrossi7,2022-08-03T20:52:24Z,2022-08-09T12:16:20Z,2022-08-09T12:16:19Z
1327697741,45751,closed,null,Define #build_change_column_definition for MySQL and PG,1,1,adrianna-chang-shopify,2022-08-03T19:32:44Z,2022-08-05T14:40:51Z,2022-08-04T12:37:11Z
1327484205,45750,open,null,Running `rails test` doesn't automatically load any custom tasks under `lib/tasks`,2,0,onlynone,2022-08-03T16:16:38Z,2022-08-03T18:09:40Z,
1327363335,45749,open,null,Action View: use a local variable to hold the template buffer,2,1,casperisfine,2022-08-03T15:03:47Z,2022-08-08T10:03:32Z,
1327177489,45748,closed,null,Refactor Action View tests to stop re-assigning @output_buffer,0,1,casperisfine,2022-08-03T12:55:05Z,2022-08-03T13:18:13Z,2022-08-03T13:18:13Z
1327087266,45747,closed,null,Add missing Versioning header in maintenance policy guide,1,1,Nittarab,2022-08-03T11:36:33Z,2022-08-03T13:05:50Z,2022-08-03T13:05:23Z
1327035899,45746,closed,null,"Feature request/suggestion: add ""exist?"" aliases to ""exists?"" methods",1,0,marvinthepa,2022-08-03T10:53:22Z,2022-08-03T15:12:36Z,2022-08-03T15:12:36Z
1327014663,45745,closed,null,Refactor form_for tests to stop re-assigning @output_buffer,0,1,casperisfine,2022-08-03T10:36:03Z,2022-08-03T10:56:06Z,2022-08-03T10:56:06Z
1326985939,45744,closed,null,Preserve collation when changing column in MySQL,3,1,fatkodima,2022-08-03T10:11:00Z,2022-08-09T01:55:49Z,2022-08-03T12:53:49Z
1326957873,45743,closed,null,Fix test case to check has_many_attached,0,1,deepakmahakale,2022-08-03T09:47:22Z,2022-08-03T20:33:02Z,2022-08-03T20:33:02Z
1326859212,45742,closed,null,`change_column_null` resets collation,4,0,c960657,2022-08-03T08:24:27Z,2022-08-03T13:26:11Z,2022-08-03T12:53:50Z
1326705239,45741,open,null,Allow upgrade to rack 3.0,5,1,ioquatix,2022-08-03T05:39:37Z,2022-08-05T07:04:16Z,
1326627541,45740,closed,null,Support schemas in Postgresql `enum_types`,0,1,ghiculescu,2022-08-03T03:24:28Z,2022-08-07T01:47:28Z,2022-08-07T01:46:17Z
1326449508,45739,closed,7.1.0,"update ContentAttachment so that it works with ""content"" attributes",0,1,jamis,2022-08-02T22:10:07Z,2022-09-06T18:15:16Z,2022-09-06T18:15:10Z
1326415225,45738,open,null,Trigger `reconnected()` callback after reconnects,0,1,mansakondo,2022-08-02T21:25:09Z,2022-08-03T09:14:58Z,
1326389859,45737,closed,null,Remove remnants from `Editor` command helper module,0,1,jonathanhefner,2022-08-02T20:53:38Z,2022-08-04T16:45:23Z,2022-08-04T16:45:22Z
1326221102,45736,open,null,Virtual stored columns are always nil for newly created records,6,1,camiloforero,2022-08-02T18:09:28Z,2022-08-02T19:28:33Z,
1326095417,45735,closed,null,Add `drop_enum` command for Postgres,6,2,ghiculescu,2022-08-02T16:25:16Z,2022-08-04T15:16:41Z,2022-08-04T00:26:46Z
1326026463,45734,closed,null,Raise when defining an enum not backed by a database column,2,1,fatkodima,2022-08-02T15:29:46Z,2022-08-03T18:20:40Z,2022-08-03T18:20:40Z
1325841257,45733,closed,null,fix/Error if of is non-numeric in in_batches methods,9,1,ohishikaito,2022-08-02T13:15:08Z,2022-08-08T01:21:03Z,2022-08-08T01:04:02Z
1325802673,45732,closed,null,Fix flaky tests for RedisCacheStore,1,1,fatkodima,2022-08-02T12:46:15Z,2022-08-02T13:11:08Z,2022-08-02T13:09:12Z
1325670282,45731,closed,null,Add OutputBuffer#raw and #capture to reduce the need to swap the buffer,1,3,casperisfine,2022-08-02T10:52:31Z,2022-08-03T12:57:34Z,2022-08-03T12:57:34Z
1325383242,45730,closed,null,support relative_url_root for SystemTestCase,0,1,taka0125,2022-08-02T07:04:23Z,2022-08-02T07:07:33Z,2022-08-02T07:07:30Z
1325149095,45729,closed,null,"Accept empty list of attributes for `insert_all`, `insert_all!` and `upsert_all`",5,1,fatkodima,2022-08-02T00:57:31Z,2022-08-02T11:02:56Z,2022-08-02T11:02:56Z
1325132164,45728,closed,null,Fix `Cache::NullStore` with local caching for repeated reads,0,1,fatkodima,2022-08-02T00:30:22Z,2022-08-02T09:01:56Z,2022-08-02T07:37:14Z
1325096098,45727,closed,null,Rename 'Explicit Locals` to `Strict Locals`,1,2,joelhawksley,2022-08-01T23:25:25Z,2022-08-02T11:36:13Z,2022-08-02T06:35:24Z
1324911968,45726,closed,null,"Allow users to attempt to remove check constraints that may or may not exist via the ""if_exists"" option.",1,1,eudaimonious,2022-08-01T20:07:11Z,2022-08-03T18:43:32Z,2022-08-03T18:43:31Z
1324884548,45725,closed,null,Testing an invalid resource as turbo_stream format,7,0,david-hello-world,2022-08-01T19:39:11Z,2022-08-03T16:31:44Z,2022-08-03T16:11:06Z
1324835881,45724,open,null,Support distributed preloading calls,4,1,jonathanhefner,2022-08-01T18:56:46Z,2022-08-22T13:54:42Z,
1324764869,45723,closed,null,Optimize add_timestamps to use a single SQL statement when supported,0,1,ilianah,2022-08-01T17:49:23Z,2022-08-12T01:30:05Z,2022-08-12T01:30:05Z
1324513272,45722,closed,null,Refactor ExtendedDeterministicQueries to not mutate the arguments,1,1,casperisfine,2022-08-01T14:24:13Z,2022-08-01T14:50:17Z,2022-08-01T14:50:17Z
1324170310,45721,closed,null,RedisCacheStore: various cleanups,0,1,casperisfine,2022-08-01T10:11:16Z,2022-08-01T12:46:21Z,2022-08-01T12:46:20Z
1324105014,45720,closed,null,find_or_create_by: handle race condition by finding again,8,1,casperisfine,2022-08-01T09:21:40Z,2022-08-02T17:05:50Z,2022-08-02T13:11:20Z
1323748079,45719,closed,null,Allow Mounted Engine url_helpers to use config.relative_url_root,7,2,bensheldon,2022-08-01T03:18:49Z,2022-08-09T22:19:31Z,2022-08-09T19:49:39Z
1323633201,45718,closed,null,Introduce `check_constraint_exists?` and `if_exists` for `remove_check_constraint`,7,1,AdityaBhutani,2022-08-01T00:32:48Z,2022-08-03T18:43:50Z,2022-08-03T18:43:50Z
1323574845,45717,closed,null,TaggedLogging preserves formatter methods,0,1,stevecrozz,2022-07-31T20:58:59Z,2022-08-01T17:27:13Z,2022-08-01T17:27:12Z
1323568691,45716,closed,null,Consistently format commands in help messages,0,1,jonathanhefner,2022-07-31T20:31:47Z,2022-08-02T20:42:38Z,2022-08-02T20:42:38Z
1323477072,45715,closed,null,Set collation for postgresql test DBs.,0,1,simi,2022-07-31T14:27:11Z,2022-07-31T15:08:04Z,2022-07-31T15:05:23Z
1323455879,45714,closed,null,Store previous verbose setting before it can fail in tests.,1,1,simi,2022-07-31T12:58:57Z,2022-08-01T17:29:42Z,2022-08-01T17:29:17Z
1323426557,45713,closed,null,Rails Active Storage image variant flipped upside down,2,1,zaouch,2022-07-31T10:48:53Z,2022-08-04T22:01:51Z,2022-08-04T22:01:51Z
1323390556,45712,closed,null,Yhing,0,0,Quidstein,2022-07-31T07:58:03Z,2022-07-31T15:33:37Z,2022-07-31T15:33:37Z
1323322242,45711,closed,null,Optimize increment and decrement for `RedisCacheStore`,3,1,fatkodima,2022-07-30T23:56:17Z,2022-08-02T13:16:13Z,2022-08-01T14:35:39Z
1323314633,45710,closed,null,Model.upsert_all raises ArgumentError if passed an empty array,2,0,dhnaranjo,2022-07-30T22:56:43Z,2022-08-02T11:02:57Z,2022-08-02T11:02:57Z
1323303409,45709,open,null,Rails & can't pin JS files from Unpkg,2,1,septerr,2022-07-30T21:44:43Z,2022-08-02T18:08:34Z,
1323294561,45708,closed,null,Support spaces in file path when invoking editor,0,1,jonathanhefner,2022-07-30T20:50:53Z,2022-07-31T20:58:05Z,2022-07-31T20:58:05Z
1323293945,45707,closed,null,Support explicit schemas in PostgreSQL's `create_enum`,1,1,fatkodima,2022-07-30T20:46:58Z,2022-07-31T14:58:10Z,2022-07-31T03:08:46Z
1323273456,45706,closed,null,Improving assert_enqueued_email_with,0,2,tomrossi7,2022-07-30T20:07:11Z,2022-07-30T20:10:14Z,2022-07-30T20:10:14Z
1323200358,45705,open,null,Add explicit regression tests for ActiveRecord::Migration's #say & #say_with_time,2,1,nfedyashev,2022-07-30T16:19:17Z,2022-07-31T17:13:42Z,
1323067608,45704,closed,null,[ci-skip] Remove resolved debugger caveat from debugging guide,0,1,st0012,2022-07-30T13:45:01Z,2022-07-30T20:57:56Z,2022-07-30T20:57:28Z
1322847546,45703,closed,null,Incorrect installation command for webpacker,1,0,pkayokay,2022-07-30T02:28:30Z,2022-08-01T04:29:39Z,2022-08-01T04:29:39Z
1322812678,45702,closed,null,Attribute assignment fails after ActiveRecord::Persistence#becomes ,2,0,caiohsramos,2022-07-30T00:13:06Z,2022-07-30T14:43:56Z,2022-07-30T14:43:56Z
1322791210,45701,closed,null,Add `routes --unused` option to detect extraneous routes.,12,2,gmcgibbon,2022-07-29T23:23:34Z,2022-08-10T14:02:41Z,2022-08-05T02:57:10Z
1322668911,45700,closed,null,"Prevent ""saved"" message when edit command aborted",0,1,jonathanhefner,2022-07-29T20:54:43Z,2022-07-30T20:44:11Z,2022-07-30T20:44:11Z
1322631467,45699,closed,null,Avoid dynamic constant get on SET.symbols,0,1,jhawthorn,2022-07-29T20:02:52Z,2022-07-29T22:09:06Z,2022-07-29T22:09:03Z
1322451428,45698,open,null,Support using a method name to define the `ActiveSupport::CurrentAttributes.resets` callback,0,1,ghiculescu,2022-07-29T16:19:12Z,2022-07-29T16:22:01Z,
1322439089,45697,closed,null,Use SET DEFAULT when changing a column default in MySQL,5,1,adrianna-chang-shopify,2022-07-29T16:06:57Z,2022-08-03T18:41:07Z,2022-08-03T18:23:08Z
1322356443,45696,open,null,Add a build persistence method,0,1,seand7565,2022-07-29T14:58:11Z,2022-07-29T22:00:50Z,
1322249981,45695,closed,null,Fix `ActiveRecord::FinderMethods.find` when passing multiple ids and primary key is not selected,14,1,fatkodima,2022-07-29T13:24:22Z,2022-09-02T13:18:34Z,2022-09-02T13:14:22Z
1322187043,45694,closed,null,Find with array returns nothing if primary key is not selected,0,2,fschwahn,2022-07-29T12:26:59Z,2022-09-02T13:14:23Z,2022-09-02T13:14:23Z
1322132299,45693,closed,null,Missing unless statement in one of the view files in getting started guide,0,0,bhaskarshankarling,2022-07-29T11:29:58Z,2022-07-29T15:26:52Z,2022-07-29T15:26:52Z
1322122840,45692,closed,null,fixed the delete comment guide and added missing unless statement,1,1,bhaskarshankarling,2022-07-29T11:19:52Z,2022-08-09T16:47:29Z,2022-07-29T15:26:51Z
1322122058,45691,open,null,ActionMailer fails to create correct multipart message with rfc822 attachment,1,1,der-flo,2022-07-29T11:19:00Z,2022-08-02T19:46:17Z,
1321705185,45690,closed,null,NullStore cache randomly blows up in asynchronous cases,4,1,CodingAnarchy,2022-07-29T03:13:12Z,2022-08-02T07:37:15Z,2022-08-02T07:37:15Z
1321523029,45689,closed,null,Save encrypted config even if YAML is invalid,0,2,jonathanhefner,2022-07-28T21:39:56Z,2022-07-29T20:47:44Z,2022-07-29T20:47:44Z
1321483139,45688,closed,null,Fix default `SameSite` for session cookies,0,2,jonathanhefner,2022-07-28T21:02:25Z,2022-07-29T20:46:01Z,2022-07-29T20:46:01Z
1321337408,45687,closed,null,Define correct constant with Zeitwerk,3,0,vs37559,2022-07-28T18:37:02Z,2022-08-01T02:00:27Z,2022-08-01T02:00:26Z
1321198018,45686,closed,null,Move schema definition APIs to separate module,1,1,adrianna-chang-shopify,2022-07-28T16:31:09Z,2022-07-28T17:40:18Z,2022-07-28T17:40:14Z
1321179777,45685,closed,null,Extract `#build_create_join_table_definition`,0,1,adrianna-chang-shopify,2022-07-28T16:13:44Z,2022-08-05T14:40:47Z,2022-07-29T17:38:22Z
1321155511,45684,closed,null,Extract `#build_change_column_definition`,0,1,adrianna-chang-shopify,2022-07-28T15:51:48Z,2022-08-05T14:40:49Z,2022-07-29T17:38:06Z
1321142780,45683,closed,null,Rails.application.config.active_record.has_many_inversing config not applied until load_defaults value is changed to 6.1,2,1,alexadia,2022-07-28T15:40:55Z,2022-07-28T16:34:57Z,2022-07-28T16:34:39Z
1321062784,45682,closed,null,ActiveRecord `with_options` should merge and combine options,1,1,james-em,2022-07-28T14:53:48Z,2022-07-28T22:11:20Z,2022-07-28T22:11:19Z
1320829568,45681,closed,null,SameSite error logged in Firefox (rails/main),0,2,strobilomyces,2022-07-28T12:02:57Z,2022-07-29T20:46:02Z,2022-07-29T20:46:02Z
1320789527,45680,open,null,Allow hosts redirects from `hosts` Rails configuration,0,1,Kevinrob,2022-07-28T11:27:45Z,2022-08-24T17:32:42Z,
1320758625,45679,closed,null,Always use an actual Action View buffer to render templates,0,1,casperisfine,2022-07-28T10:57:53Z,2022-07-28T12:29:19Z,2022-07-28T12:29:19Z
1320710702,45678,closed,null,Get rid of Erubi#evaluate,0,1,casperisfine,2022-07-28T10:16:53Z,2022-07-28T10:35:44Z,2022-07-28T10:35:44Z
1320679165,45677,closed,null,Avoid explictly freezing literals strings when possible,3,1,casperisfine,2022-07-28T09:50:29Z,2022-08-03T11:47:10Z,2022-08-03T11:47:10Z
1320522755,45676,open,null,Detect colliding keys in Active Job Hash serialization,0,2,sambostock,2022-07-28T07:37:57Z,2022-07-28T07:38:01Z,
1320468243,45675,closed,null,Fixes Date Helper with locale,5,1,hirotaka,2022-07-28T06:42:56Z,2022-08-09T16:47:42Z,2022-08-02T16:14:25Z
1320240236,45674,closed,null,Add linter for CHANGELOG formatting [ci skip],5,0,skipkayhil,2022-07-28T00:06:59Z,2022-08-03T23:45:29Z,2022-08-03T23:45:28Z
1320003395,45673,closed,null,Delegate valid_encoding? for ActionView::OutputBuffer,1,1,enriikke,2022-07-27T18:55:35Z,2022-07-28T22:45:43Z,2022-07-28T22:45:39Z
1319805406,45672,closed,null,Generate `master.key` even when `require_master_key`,0,2,jonathanhefner,2022-07-27T16:24:28Z,2022-07-28T21:35:24Z,2022-07-28T21:35:24Z
1319666787,45671,closed,null,Add missing test ensuring no subqueries for whole table batching,2,1,fatkodima,2022-07-27T14:39:33Z,2022-07-27T15:13:27Z,2022-07-27T15:13:24Z
1319615464,45670,closed,null,Fix `ActiveRecord::QueryMethods#in_order_of` to work with nils,10,1,fatkodima,2022-07-27T14:02:58Z,2022-08-15T18:15:55Z,2022-08-15T18:15:51Z
1319585946,45669,closed,null,Allow base for `Table` schema definition to be injected into `#change_table`,0,1,adrianna-chang-shopify,2022-07-27T13:41:51Z,2022-07-27T17:58:22Z,2022-07-27T17:58:22Z
1319462779,45668,closed,null,enum definition silences UnknownAttributeError & misbehaves with outdated schema cache,1,2,klyonrad,2022-07-27T12:03:25Z,2022-08-03T18:20:40Z,2022-08-03T18:20:40Z
1319018381,45667,open,null,Ensure pipe is closed after test run,0,1,sambostock,2022-07-27T04:50:31Z,2022-07-27T16:05:34Z,
1318995848,45666,closed,null,Bug about view table when use version 7.0.3.1,2,1,behemoth-truongnd,2022-07-27T04:11:06Z,2022-07-27T08:39:43Z,2022-07-27T08:39:43Z
1318951311,45665,closed,null,Fix some deprecation warnings in many_test,1,1,skipkayhil,2022-07-27T02:47:19Z,2022-07-27T21:19:39Z,2022-07-27T04:40:46Z
1318794500,45664,closed,null,Teach `ActiveJob` to set configs on itself,4,2,sambostock,2022-07-26T22:01:08Z,2022-08-01T18:07:21Z,2022-08-01T08:51:20Z
1318453156,45663,closed,null,Refactor `EncryptedCommand` a la `CredentialsCommand`,0,1,jonathanhefner,2022-07-26T16:01:45Z,2022-07-27T16:14:13Z,2022-07-27T16:14:13Z
1317317295,45662,closed,null,Mention `Arel.sql` in `update_all` docs [docs],0,2,ghiculescu,2022-07-25T20:14:37Z,2022-07-26T13:31:07Z,2022-07-26T05:14:42Z
1317301369,45661,closed,null,Clean up hook generator method when hook is removed,0,1,gmcgibbon,2022-07-25T19:58:42Z,2022-07-26T16:05:13Z,2022-07-26T16:05:10Z
1317260909,45660,open,null,YAML serialization options,9,1,xjunior,2022-07-25T19:18:59Z,2022-09-02T14:00:35Z,
1317251740,45659,closed,null,Parent option defaults,0,3,gmcgibbon,2022-07-25T19:09:42Z,2022-07-26T23:35:31Z,2022-07-26T23:35:29Z
1317190091,45658,closed,null,`Model.update_all(attribute: interval_expression)` sets the wrong date when using Postgres' interval expressions,7,3,fnando,2022-07-25T18:12:32Z,2022-07-26T05:14:43Z,2022-07-26T05:14:43Z
1317114811,45657,closed,null,Make `EncryptedFile` more memoization-friendly,0,2,jonathanhefner,2022-07-25T16:59:20Z,2022-07-26T15:33:52Z,2022-07-26T15:33:52Z
1316483514,45656,closed,null,Add `skip-bcrypt` option,0,1,brtrick,2022-07-25T08:49:04Z,2022-07-26T19:13:20Z,2022-07-26T19:13:20Z
1316479064,45655,closed,null,Bump strscan to 3.0.4,1,0,yahonda,2022-07-25T08:45:11Z,2022-07-25T09:06:28Z,2022-07-25T09:01:09Z
1316308530,45654,open,null,Improve ActiveRecord::QueryMethods.readonly doc,0,1,shouichi,2022-07-25T05:56:01Z,2022-09-06T07:10:30Z,
1316047332,45653,closed,null,Remove unneeded subdirectories in generator tests,1,1,skipkayhil,2022-07-25T00:09:56Z,2022-07-26T22:47:55Z,2022-07-26T15:06:36Z
1315999353,45652,closed,null,Test skip_system_test being preserved after update,1,1,skipkayhil,2022-07-24T20:17:16Z,2022-07-24T22:08:49Z,2022-07-24T21:51:44Z
1315946580,45651,open,null,Add SQL function UPPER to Arel::FactoryMethods,3,1,jdufresne,2022-07-24T16:10:51Z,2022-07-24T20:11:14Z,
1315886601,45650,open,null,[ci-skip] Fix documentation on `accessed_fields` method.,0,1,dixpac,2022-07-24T11:54:43Z,2022-07-26T10:52:17Z,
1315742817,45649,closed,null,Fix extra line added to bin/setup in app:update,1,1,skipkayhil,2022-07-23T20:46:21Z,2022-07-24T03:05:50Z,2022-07-24T02:00:50Z
1315740832,45648,closed,null,Fix skip_system_test not being preserved in update,4,1,skipkayhil,2022-07-23T20:34:13Z,2022-07-24T19:56:15Z,2022-07-24T02:13:44Z
1315737485,45647,closed,null,Remove duplicate 'updating' option from generator,1,1,skipkayhil,2022-07-23T20:12:48Z,2022-07-24T17:17:41Z,2022-07-24T16:04:37Z
1315722009,45646,closed,null,Broken links in Guides Documentation,6,2,nickjenkins83,2022-07-23T18:42:41Z,2022-08-05T02:25:46Z,2022-08-01T04:37:03Z
1315471303,45645,open,null,Updating the `ActiveRecord::Store` and changing it back should not mark accessor as changed,0,1,fatkodima,2022-07-22T22:44:29Z,2022-07-22T22:44:32Z,
1315405732,45644,closed,null,Getting started point 7.5. DELETE resource doesn't work,10,0,gitrobertofl,2022-07-22T20:48:33Z,2022-08-01T18:58:00Z,2022-08-01T18:57:56Z
1315353117,45643,closed,null,Extract `#build_add_column_definition`,0,1,adrianna-chang-shopify,2022-07-22T19:34:53Z,2022-07-28T20:10:35Z,2022-07-28T19:23:44Z
1315305547,45642,open,null,[ActiveRecord] ToSql#HomogeneousIn uses visitor pattern to produce Attribute sql,4,1,kbrock,2022-07-22T18:32:23Z,2022-09-01T19:08:27Z,
1315298042,45641,closed,null,value that fails to cast for a JSON column is silently set to nil,4,0,tjwp,2022-07-22T18:22:41Z,2022-09-01T20:59:45Z,2022-09-01T20:59:45Z
1315219867,45640,open,null,ActiveModel::Dirty changes not reset properly when using store_accessor (tested with postgres),0,2,vccoffey,2022-07-22T16:44:57Z,2022-07-23T17:51:49Z,
1314984267,45639,open,null,Explicitly touch on save,1,1,schmijos,2022-07-22T13:05:14Z,2022-07-22T20:31:00Z,
1314662755,45638,open,null,CSRF Token Expiry issue.,1,0,MBM1607,2022-07-22T08:38:19Z,2022-07-22T08:40:22Z,
1314550839,45637,closed,null,Template details defined in strings should either throw or be accepted correctly.,3,2,axos88,2022-07-22T07:43:17Z,2022-08-16T20:05:29Z,2022-08-16T20:05:29Z
1314546104,45636,open,null,Invalid template types should raise an exception,0,1,axos88,2022-07-22T07:40:54Z,2022-08-17T18:02:14Z,
1314015345,45635,open,null,Recent security releases are missing from the Releases page,1,0,georgeclaghorn,2022-07-22T01:21:34Z,2022-08-19T18:08:06Z,
1313783838,45634,closed,null,Check if database constraint exists before attempting to remove,5,1,eudaimonious,2022-07-21T20:47:31Z,2022-08-03T18:41:24Z,2022-08-03T18:41:24Z
1313455178,45633,open,null,Fix _read_attribute so it uses aliased attribute name as well,6,1,tracyloisel,2022-07-21T15:39:29Z,2022-07-28T20:26:08Z,
1312439669,45632,open,null,`_read_attribute` method should also check whether an attribute is aliased or not,2,2,khiav223577,2022-07-21T03:14:22Z,2022-07-21T21:37:09Z,
1311763104,45631,closed,null,Enable `Style/RedundantCondition` cop,0,3,fatkodima,2022-07-20T19:29:46Z,2022-08-11T13:22:24Z,2022-08-11T13:22:24Z
1311710291,45630,closed,null,Extract `#build_create_index_definition`,0,1,adrianna-chang-shopify,2022-07-20T18:57:44Z,2022-08-05T14:40:48Z,2022-07-28T18:51:33Z
1311107287,45629,open,null,Raise Argument error for invalid jitter values,1,1,aditya-vector,2022-07-20T13:28:57Z,2022-07-21T18:05:07Z,
1310268005,45628,open,null,Document ActiveRecord::Locking::Pessimistic#with_lock reloads the record,0,1,asavageiv,2022-07-20T01:34:39Z,2022-07-20T01:34:42Z,
1310087340,45627,closed,null,Controller generator improvements,0,1,gmcgibbon,2022-07-19T22:00:27Z,2022-07-23T03:32:31Z,2022-07-22T19:23:00Z
1309802744,45626,closed,null,Remove duplicate code in dump task,0,1,eileencodes,2022-07-19T16:54:28Z,2022-07-19T17:13:52Z,2022-07-19T17:13:50Z
1309712214,45625,closed,null,Extract `#build_create_table_definition` method,2,1,adrianna-chang-shopify,2022-07-19T15:41:32Z,2022-07-20T13:25:06Z,2022-07-20T13:25:05Z
1308928625,45624,closed,null,Clear `JobBuffer` on `ActiveJob` test teardown,0,1,sambostock,2022-07-19T03:33:21Z,2022-07-22T20:20:46Z,2022-07-19T12:22:02Z
1308797065,45623,closed,null,Fix `QueryMethods#in_order_of` for non-integer columns in MySQL,1,1,fatkodima,2022-07-18T23:27:19Z,2022-07-19T08:14:28Z,2022-07-19T07:46:19Z
1308616335,45622,open,null,Use `class_attribute` transform block for job config,1,4,jonathanhefner,2022-07-18T20:56:53Z,2022-07-28T06:53:09Z,
1308611104,45621,closed,null,Fix granular swapping for primary_abstract_class,2,1,eileencodes,2022-07-18T20:54:12Z,2022-07-19T13:54:56Z,2022-07-19T13:54:43Z
1308426632,45620,closed,null,Avoid checking defined?(@html_safe) on Ruby 3+,2,1,jhawthorn,2022-07-18T19:26:08Z,2022-07-19T22:16:22Z,2022-07-19T22:16:21Z
1308148121,45619,closed,null,Add `skip_nil:` support to `ActiveSupport::Cache::Store#fetch_multi`,1,1,pbstriker38,2022-07-18T15:41:53Z,2022-07-21T15:39:46Z,2022-07-21T15:33:34Z
1308137338,45618,closed,null,Fix `BigDecimal `(de)serialization for `JSON` adapters,2,3,sambostock,2022-07-18T15:32:51Z,2022-07-30T04:10:20Z,2022-07-21T13:58:29Z
1308031762,45617,closed,null,Add endless range example to the Active Record Querying guide [ci-skip],1,1,ajporterfield,2022-07-18T14:17:11Z,2022-07-24T16:30:06Z,2022-07-18T16:11:44Z
1308022277,45616,closed,null,[ci-skip] Added raise_delivery_errors default values to mailer guide,0,1,rakio1234,2022-07-18T14:10:56Z,2022-07-18T14:12:46Z,2022-07-18T14:12:46Z
1307962789,45615,closed,null,Prevent ActionDispatch::ServerTiming from overwriting existing header value,5,1,jtmalinowski,2022-07-18T13:28:08Z,2022-07-24T16:43:04Z,2022-07-19T15:33:44Z
1307858693,45614,closed,null,Speedup ActionView::OutputBuffer,9,1,casperisfine,2022-07-18T12:07:55Z,2022-08-04T20:37:15Z,2022-07-19T19:08:49Z
1307188600,45613,open,null,Clarify Common Table Expression (CTE) support,4,1,fig,2022-07-17T19:26:36Z,2022-07-27T02:27:04Z,
1307085871,45612,closed,null,Allow ActiveRecord::QueryMethods#select to accept a hash,22,1,alextrueman,2022-07-17T12:38:37Z,2022-09-02T10:47:05Z,2022-09-02T09:33:57Z
1306841638,45610,closed,null,System test with importmap,2,1,rzepetor,2022-07-16T15:55:46Z,2022-08-17T05:05:28Z,2022-08-17T05:05:28Z
1306840730,45609,open,null,Cannot add ActiveModel::Attribute::FromDatabase to permitted YAML safe load classes,6,2,stanhu,2022-07-16T15:51:30Z,2022-08-18T11:39:07Z,
1306721321,45608,closed,null,javascript_importmap_tags creating a browser error,0,0,dvodvo,2022-07-16T06:11:39Z,2022-07-17T05:03:23Z,2022-07-17T05:03:23Z
1306332317,45607,closed,null,`ActionDispatch::ServerTiming` overwrites instead of appending to the `Server-Timing` header.,1,2,jtmalinowski,2022-07-15T17:57:59Z,2022-07-19T15:33:44Z,2022-07-19T15:33:44Z
1305977762,45606,open,null,Allow attaching File or Pathname to has_one_attached,0,1,dorianmariefr,2022-07-15T12:27:21Z,2022-07-15T12:27:25Z,
1305800999,45605,closed,null,`rails new --css bootstrap` can't patch some files on `rails  css:install:bootstrap`,1,0,nleo,2022-07-15T09:26:57Z,2022-07-15T21:02:40Z,2022-07-15T21:02:40Z
1305421536,45604,closed,null,Fix extra changelog entry added in 959d46e,0,1,skipkayhil,2022-07-14T23:59:47Z,2022-07-15T00:03:08Z,2022-07-15T00:03:08Z
1305305580,45603,open,null,Add `:constantize` option for `class_attribute`,3,2,jonathanhefner,2022-07-14T21:26:48Z,2022-07-19T16:36:30Z,
1305251458,45602,closed,null,Allow templates to define which locals they accept,21,2,joelhawksley,2022-07-14T20:23:34Z,2022-08-08T21:32:09Z,2022-08-01T21:48:47Z
1305227318,45601,closed,null,Included in project gem with controller that inherits from ActionController::API breaks Jbuilder,1,1,TakaiSaisei,2022-07-14T19:55:55Z,2022-07-14T22:53:46Z,2022-07-14T22:52:42Z
1304988160,45600,closed,null,"intermittent ""uninitialized constant ActiveStorage::Attached (NameError)"" errors on Rails 6.1.6.1",5,1,thekendalmiller,2022-07-14T16:02:06Z,2022-08-08T12:34:48Z,2022-08-08T12:34:48Z
1304888780,45599,closed,null,Use freeze_time instead of assert_in_delta,4,1,santib,2022-07-14T14:40:54Z,2022-07-14T19:55:05Z,2022-07-14T18:50:26Z
1304290506,45598,closed,null,Rails 6.0.5.1: breaking change in ActiveRecord::Coders::YAMLColumn#yaml_load,1,0,rocket-turtle,2022-07-14T05:51:15Z,2022-07-14T06:01:52Z,2022-07-14T06:01:52Z
1304290061,45597,open,null,Allow :schema_format in database configuration to override ActiveRecord default,4,1,leboshi,2022-07-14T05:50:33Z,2022-07-26T15:35:00Z,
1304247666,45596,open,null,Setting `schema_dump` in database.yml does not change dump format,1,2,leboshi,2022-07-14T04:44:37Z,2022-07-14T14:34:25Z,
1304008945,45595,open,null,Add on or before and on or after datetime comparisons,1,1,martinechtner,2022-07-13T22:28:15Z,2022-09-07T16:36:53Z,
1303989708,45594,closed,null,Fix testing changing yaml_column_permitted_classes,1,1,skipkayhil,2022-07-13T22:02:07Z,2022-07-13T23:56:41Z,2022-07-13T23:52:41Z
1303984813,45593,closed,null,Fix 6.1 compatability with ruby 2.5,1,2,skipkayhil,2022-07-13T21:55:22Z,2022-07-15T18:55:43Z,2022-07-15T17:02:25Z
1303805496,45592,closed,null,Remove unnecessary or incorrect calls to connection_handler,0,1,eileencodes,2022-07-13T18:42:17Z,2022-07-13T20:05:50Z,2022-07-13T20:05:47Z
1303659460,45591,closed,null,ActiveRecord::Store encode store as a regular Hash,0,1,casperisfine,2022-07-13T16:15:02Z,2022-07-13T16:52:38Z,2022-07-13T16:52:38Z
1303616369,45590,closed,null,"Rails 6.1.6.1 with Ruby 2.5 throws ArgumentError: unknown keywords: permitted_classes, aliases",11,2,ofedoren,2022-07-13T15:38:28Z,2022-09-06T04:59:06Z,2022-07-15T18:56:00Z
1303610463,45589,open,null,Correct/update the pluralization docs,1,2,movermeyer,2022-07-13T15:33:28Z,2022-07-20T02:34:30Z,
1303592064,45588,closed,null,HTML prettification of load tree debugger UI,0,2,therzka,2022-07-13T15:19:03Z,2022-07-13T15:20:46Z,2022-07-13T15:20:46Z
1303550712,45587,closed,null,Config `use_yaml_unsafe_load` breaks `assets:precompile` when without `config/database.yml`,5,2,cmitz,2022-07-13T14:48:26Z,2022-07-14T08:44:35Z,2022-07-13T22:43:28Z
1303550553,45586,closed,null,Fix cases where CTE's are not supported,1,1,eileencodes,2022-07-13T14:48:19Z,2022-07-13T16:12:54Z,2022-07-13T16:12:42Z
1303519392,45585,closed,null,7.0.3.1 breaks ActiveRecord.store with yaml coders.,10,0,jdelStrother,2022-07-13T14:25:43Z,2022-07-20T08:45:34Z,2022-07-13T16:52:37Z
1303245560,45584,closed,null,Allow symbols in YAML columns,15,3,etiennebarrie,2022-07-13T10:37:24Z,2022-09-05T17:50:45Z,2022-07-13T13:02:07Z
1303169787,45583,open,null,Add an example to ActiveRecord::AutosaveAssociation caveats [skip ci],0,1,shouichi,2022-07-13T09:34:41Z,2022-08-31T01:09:39Z,
1302900617,45582,closed,null,Addings docs for ActiveStorage::Transformers::ImageProcessingTransformer,0,1,whyinzoo,2022-07-13T04:50:38Z,2022-07-13T18:49:23Z,2022-07-13T18:49:23Z
1302856281,45581,closed,null,Update autoloading guide for inflection in the once autoloader,1,1,cantin,2022-07-13T03:31:57Z,2022-07-28T08:45:09Z,2022-07-28T08:45:08Z
1302678211,45580,closed,7.1.0,Preserve `job.enqueued_at` timestamp precision,0,1,jeremy,2022-07-12T22:23:46Z,2022-07-13T01:13:20Z,2022-07-13T01:13:16Z
1302664833,45579,closed,null,Touch model records after ActiveStorage::Blob is analyzed,2,1,natematykiewicz,2022-07-12T22:02:37Z,2022-07-26T16:35:03Z,2022-07-26T16:34:19Z
1302618848,45578,closed,null,Improve performance by removing respond_to? from runtime code,3,1,natematykiewicz,2022-07-12T21:01:19Z,2022-07-12T21:28:59Z,2022-07-12T21:28:45Z
1302598181,45577,closed,null,Fix typo on active_storage.yaml_column_permitted_classes,0,1,qrush,2022-07-12T20:37:55Z,2022-07-12T20:39:57Z,2022-07-12T20:39:57Z
1302585617,45576,closed,null,Fix ivar name in PoolManager,0,1,eileencodes,2022-07-12T20:27:53Z,2022-07-12T20:46:38Z,2022-07-12T20:46:36Z
1302188859,45575,closed,null,Fix did you mean tests for ruby-trunk (3.2),0,2,eileencodes,2022-07-12T15:00:25Z,2022-07-12T16:25:35Z,2022-07-12T16:25:32Z
1302183044,45574,closed,null,Omit `secret_key_base` for dev and test credentials,0,1,jonathanhefner,2022-07-12T14:56:12Z,2022-07-19T16:48:13Z,2022-07-19T16:48:13Z
1302142414,45573,closed,null,Erroneous SQL when querying for empty has_one / has_many,3,0,leoarnold,2022-07-12T14:25:30Z,2022-07-12T18:20:26Z,2022-07-12T18:20:26Z
1301840393,45572,closed,null,Fix caching of missed translations,2,2,fatkodima,2022-07-12T10:08:45Z,2022-07-24T16:27:12Z,2022-07-15T20:06:29Z
1301653888,45571,closed,null,MISSING_TRANSLATION from ActionView::Helpers::TranslationHelper is cached in the I18n cache and read back as a different Object,2,2,rocket-turtle,2022-07-12T07:26:41Z,2022-07-15T20:06:29Z,2022-07-15T20:06:29Z
1301567157,45570,closed,null,Add docs for ActiveSupport::EncryptedFile#read [ci-skip],1,1,whyinzoo,2022-07-12T05:43:54Z,2022-07-24T16:30:19Z,2022-07-18T16:16:44Z
1301515932,45569,closed,null,Add docs for ActiveSupport::Notifications.monotonic_subscribe [ci-skip],3,1,whyinzoo,2022-07-12T04:22:03Z,2022-07-24T16:45:45Z,2022-07-21T15:24:06Z
1301500772,45568,closed,null,AutoLoader Customizing Inflections in initializers dir is not working for models in autoloaded_once_paths,4,3,cantin,2022-07-12T03:57:26Z,2022-07-28T23:56:40Z,2022-07-28T23:56:40Z
1301261688,45567,closed,null,Record not touched when ActiveStorage::Blob is analyzed,2,2,natematykiewicz,2022-07-11T21:44:22Z,2022-07-26T16:34:20Z,2022-07-26T16:34:20Z
1301143161,45566,closed,null,Rails `button_to` form submission is detected as format turbo-stream incorrectly after redirect,8,0,Ikariusrb,2022-07-11T19:44:10Z,2022-07-12T14:08:40Z,2022-07-12T14:08:40Z
1301105466,45565,open,null,Load Tree Debug,0,2,gwincr11,2022-07-11T19:05:18Z,2022-07-11T19:51:14Z,
1301036542,45564,closed,null,Ensure connection_name is used everywhere internally,0,1,eileencodes,2022-07-11T17:56:01Z,2022-07-12T20:04:59Z,2022-07-12T13:21:20Z
1300981816,45563,closed,null,Fixes rubydoc links [ci-skip],2,2,diegomichel,2022-07-11T17:02:12Z,2022-07-24T16:20:39Z,2022-07-11T19:19:29Z
1300880764,45562,closed,null,Add bury to Hash,1,1,professor,2022-07-11T15:31:36Z,2022-07-13T02:13:03Z,2022-07-13T02:13:03Z
1300660008,45561,closed,null,ActiveSupport:Cache:RedisCacheStore write_multi_entries with raw: true bug,3,2,nivb121,2022-07-11T12:44:22Z,2022-07-26T22:39:56Z,2022-07-26T22:39:56Z
1300656524,45560,open,null,tag for v6.1.6 does not seem to live in this repository,10,0,thomasdziedzic-census,2022-07-11T12:41:19Z,2022-08-17T11:05:26Z,
1300241017,45559,closed,null,Add missing CHANGELOG authors,1,1,skipkayhil,2022-07-11T05:53:43Z,2022-07-12T22:26:15Z,2022-07-11T06:31:20Z
1300063764,45558,open,null,Fix TimeWithZone#time to return local time,0,1,shouichi,2022-07-11T00:42:26Z,2022-07-22T10:29:26Z,
1300010837,45557,closed,null,Missing author on changelog entry for #44189,1,1,ghiculescu,2022-07-10T20:33:56Z,2022-07-10T21:02:25Z,2022-07-10T20:53:00Z
1299836378,45556,open,null,Fix Time#change and Time#advance to return self when options are empty,0,1,takp,2022-07-10T05:51:37Z,2022-08-22T22:52:10Z,
1299775668,45555,closed,null,Fix rdoc for ActiveRecord::Associations::ClassMethods,1,1,bbenno,2022-07-09T22:04:32Z,2022-07-24T16:20:26Z,2022-07-09T22:22:54Z
1299601433,45554,open,null,`ActionDispatch::Routing::RoutesProxy#merge_script_names` throws exceptions given certain arguments,2,0,kenaniah,2022-07-09T07:55:35Z,2022-07-29T19:02:02Z,
1299566562,45553,closed,null,"Revert ""Provide pattern matching for ActiveModel""",2,1,gmcgibbon,2022-07-09T04:14:40Z,2022-07-20T03:19:43Z,2022-07-09T05:39:27Z
1299474420,45552,open,null,Rails 7.0.3 Db migration with multiple Databases disturbing tasks name change when using database_tasks: in database.yml,4,1,net1957,2022-07-08T22:00:48Z,2022-07-12T16:07:15Z,
1299429953,45551,closed,null,ActiveRecord: Incorrect Mysql Connection Adapter Quoting handling,2,0,dutompson,2022-07-08T20:44:42Z,2022-07-12T23:57:17Z,2022-07-12T23:57:17Z
1299426228,45550,closed,null,Rename `:urlsafe` option to `:url_safe`,1,1,jonathanhefner,2022-07-08T20:38:59Z,2022-07-09T20:18:41Z,2022-07-09T20:18:41Z
1299417226,45549,open,null,Include `:rich_text_area` Capybara selector in `:_field` filter set,5,1,seanpdoyle,2022-07-08T20:25:17Z,2022-07-13T01:53:51Z,
1298872874,45548,open,null,TimeWithZone#time returns incorrect time,3,2,shouichi,2022-07-08T11:09:34Z,2022-07-23T17:52:34Z,
1298591586,45547,open,null,"CSS File with [application-*.css] name causes ""No route matches"" error",3,1,mfa777,2022-07-08T07:10:47Z,2022-07-13T02:33:53Z,
1298361773,45546,open,null,Convert rails-ujs to ES2015 modules,0,2,skipkayhil,2022-07-08T01:42:02Z,2022-08-11T16:00:14Z,
1298097426,45545,open,null,Support parameter filtering based on allow lists,2,4,p8,2022-07-07T21:01:32Z,2022-07-12T19:10:47Z,
1297783381,45544,closed,null,Support custom credentials templates,5,1,jonathanhefner,2022-07-07T17:03:33Z,2022-07-11T21:42:49Z,2022-07-11T21:42:48Z
1297745812,45543,closed,null,Generate `secret_key_base` for all new credentials,2,1,jonathanhefner,2022-07-07T16:37:12Z,2022-07-12T14:57:35Z,2022-07-11T21:10:01Z
1297492001,45542,open,null,ActiveRecord: Bad handling of already loaded middle association in Associations::Preloaders::ThroughAssociation,0,1,such,2022-07-07T13:57:01Z,2022-07-07T23:19:37Z,
1297390068,45541,closed,null,Fix flaky PostgreSQL CTE tests,3,1,fatkodima,2022-07-07T12:54:26Z,2022-07-07T13:46:47Z,2022-07-07T13:32:36Z
1297210989,45540,closed,null,Update getting_started.md,2,1,AmaraFinbarrs,2022-07-07T11:00:46Z,2022-07-07T11:46:06Z,2022-07-07T11:46:05Z
1297110709,45539,closed,null,Feature/updates guide generation - EPUB,3,1,geongeorge,2022-07-07T09:43:32Z,2022-08-04T19:04:12Z,2022-08-04T19:03:57Z
1296725377,45538,closed,null,Clarify how `EachValidator` is automatically loaded [ci-skip],3,1,stefannibrasil,2022-07-07T02:58:23Z,2022-07-10T08:46:48Z,2022-07-10T08:46:37Z
1296506901,45537,closed,null,Clear cache in MemCacheStore tests,0,1,fatkodima,2022-07-06T21:31:14Z,2022-07-06T23:41:34Z,2022-07-06T23:41:34Z
1295895175,45536,closed,null,Fix flaky foreign key test,4,1,byroot,2022-07-06T14:05:20Z,2022-07-06T23:37:52Z,2022-07-06T14:16:09Z
1295825634,45535,open,null,"Getting ""Connection Closed: 1006"" when trying to establish a connection to ActionCable",4,1,gustavothecoder,2022-07-06T13:13:52Z,2022-07-16T22:27:30Z,
1295808495,45534,closed,null,Fix actionpack test with rack test 2,3,1,etiennebarrie,2022-07-06T13:00:17Z,2022-08-15T22:47:24Z,2022-07-06T13:25:40Z
1295781818,45533,closed,null,Fix test with rack-test >= 2,1,1,etiennebarrie,2022-07-06T12:39:40Z,2022-07-06T12:48:25Z,2022-07-06T12:48:21Z
1295588482,45532,closed,null,Backport Active Storage migration fixes to 6.1,3,1,etiennebarrie,2022-07-06T10:01:13Z,2022-07-06T12:43:10Z,2022-07-06T12:43:09Z
1295413832,45531,closed,null,Fewer object allocations in Encryption::Properties,2,1,djmb,2022-07-06T08:09:03Z,2022-07-06T20:05:57Z,2022-07-06T14:15:42Z
1295249622,45530,open,null,Remove adding sprockets during app:update,0,1,skipkayhil,2022-07-06T06:28:53Z,2022-07-06T06:28:56Z,
1295233245,45529,open,null,Fix adding sprockets-rails during upgrade (7-0-stable),1,1,skipkayhil,2022-07-06T06:17:28Z,2022-08-30T21:13:49Z,
1294952934,45528,closed,null,Add `--parent` option to job generator to specify parent class of job.,0,2,gmcgibbon,2022-07-06T00:58:31Z,2022-07-07T20:57:38Z,2022-07-07T20:57:35Z
1294839995,45527,open,null,Support `checked` as a keyword argument in `check_box_tag` and `radio_button_tag`,10,1,ghiculescu,2022-07-05T22:20:42Z,2022-07-22T22:12:32Z,
1294579861,45526,closed,null,Remove owner_name from db_config,0,1,eileencodes,2022-07-05T17:38:56Z,2022-07-05T18:05:13Z,2022-07-05T18:05:11Z
1294170991,45525,closed,null,Fix flaky test cases in file 'activerecord/test/cases/relation/merging_test.rb'.,2,1,sushantmittal,2022-07-05T11:29:29Z,2022-07-05T13:13:58Z,2022-07-05T13:13:58Z
1294150259,45524,open,null,"The Asset Pipeline documentation references vendor/assets, but after creating a new project, I only see vendor/javascript. Is the documentation incorrect or am I missing Vendor/Assets?",3,2,EarningEvolved,2022-07-05T11:09:07Z,2022-08-01T04:56:53Z,
1294086383,45523,open,null,Fixes 'ActionView::FormBuilder#field_id' and 'ActionView::FormBuilder#field_name' nesting,1,1,sushantmittal,2022-07-05T10:10:15Z,2022-07-05T13:49:53Z,
1293719369,45522,closed,null,adds info about status code to the rails guides,0,1,renanigt,2022-07-05T02:48:51Z,2022-07-05T16:04:31Z,2022-07-05T16:04:31Z
1293711324,45521,closed,null,Fix NoMethodError on custom ActiveSupport::Deprecation behavior,1,1,r7kamura,2022-07-05T02:33:29Z,2022-07-24T16:13:31Z,2022-07-06T15:57:57Z
1293518927,45520,closed,null,Improve generator implied option handling,1,1,jonathanhefner,2022-07-04T19:42:39Z,2022-07-06T16:26:23Z,2022-07-06T16:26:22Z
1293444226,45519,closed,null,Images saved using ActiveStorage different in production and development environments,30,1,Sega100500,2022-07-04T17:47:17Z,2022-07-07T15:13:31Z,2022-07-06T20:11:49Z
1293443310,45518,closed,null,Improve working with PostgreSQL schemas,0,1,fatkodima,2022-07-04T17:45:52Z,2022-07-04T18:10:27Z,2022-07-04T18:10:27Z
1293238677,45516,closed,null,[Active-Record] Using .pluck with DISTINCT ON drops DISTINCT from the query,2,1,asad-u,2022-07-04T14:17:48Z,2022-07-04T16:33:29Z,2022-07-04T16:33:28Z
1293120610,45515,closed,null,Fix remove_check_constraint by symbol name,0,1,fatkodima,2022-07-04T12:41:37Z,2022-07-04T18:00:20Z,2022-07-04T18:00:19Z
1292989338,45514,closed,null,Add urlsafe option to application message verifier,0,1,ayushn21,2022-07-04T10:48:02Z,2022-07-07T14:44:22Z,2022-07-05T19:35:55Z
1292459716,45513,closed,null,Remove docs for legacy_connection_handling [ci skip],1,1,skipkayhil,2022-07-04T00:14:48Z,2022-07-24T17:53:33Z,2022-07-04T17:57:43Z
1292412451,45512,closed,null,Remove return_false_on_aborted_enqueue again,0,2,skipkayhil,2022-07-03T20:23:56Z,2022-07-04T18:13:14Z,2022-07-04T17:56:06Z
1292410912,45511,closed,null,Update migration near bottom of Active Record Basic guide,1,1,ajporterfield,2022-07-03T20:16:21Z,2022-07-24T16:20:03Z,2022-07-06T16:11:14Z
1292241402,45510,closed,null,Why does sprockets require a manifest file config/<engine_name>.js while rails generates config/<engine_name>_manifest.js ?,3,1,Sega100500,2022-07-03T08:20:17Z,2022-07-04T17:55:28Z,2022-07-04T17:55:28Z
1293395618,45517,closed,null,Why does sprockets require a manifest file config/<engine_name>.js while rails generates config/<engine_name>_manifest.js ?,1,2,Sega100500,2022-07-03T08:16:10Z,2022-07-04T17:53:40Z,2022-07-04T17:53:40Z
1292207069,45509,closed,null,Gmail account update ,0,0,Ar901hasan,2022-07-03T04:50:25Z,2022-07-03T05:25:20Z,2022-07-03T05:25:20Z
1292134501,45508,closed,null,Reading form's method by getAttribute instead of form.method,0,2,malis,2022-07-02T20:19:12Z,2022-07-04T19:33:28Z,2022-07-04T19:33:28Z
1292113158,45507,closed,null,Add rails credentials:encrypt command,9,1,jasl,2022-07-02T18:23:09Z,2022-07-20T20:47:38Z,2022-07-20T20:47:34Z
1291453647,45506,closed,null,Images saved via using ActiveStorage different in production and development environments,1,0,Sega100500,2022-07-01T14:03:42Z,2022-07-04T16:59:49Z,2022-07-04T16:59:49Z
1291294130,45505,closed,null,Missing require on active_support/isolated_execution_state ?,5,1,pmustel,2022-07-01T11:37:34Z,2022-07-05T17:14:24Z,2022-07-05T17:14:24Z
1291234921,45504,closed,null,Optimize data sources sql for MySQL,1,1,fatkodima,2022-07-01T10:38:25Z,2022-07-02T23:14:27Z,2022-07-01T19:00:58Z
1291035892,45503,closed,null,data_source_sql query is unnecessarily slow on MySQL with many tables and derived_merge=off,0,0,blowfishpro,2022-07-01T07:39:19Z,2022-07-01T19:00:57Z,2022-07-01T19:00:57Z
1290803407,45502,open,null,Add MIT-LICENSE file to Rails gem,0,0,ehelms,2022-07-01T01:47:41Z,2022-07-01T01:47:41Z,
1290684001,45501,closed,null,Allow opting out of the `SameSite` cookie attribute when setting a cookie,3,1,ghiculescu,2022-06-30T22:02:22Z,2022-08-01T17:24:32Z,2022-07-05T16:06:45Z
1290469117,45500,open,null,url_options are wrong after accessing engine route in integration tests,0,2,brandoncc,2022-06-30T17:56:44Z,2022-07-08T23:52:28Z,
1290446458,45499,closed,null,Epub format support for kindle version documentation,7,2,geongeorge,2022-06-30T17:31:26Z,2022-08-12T18:49:04Z,2022-08-12T18:49:04Z
1290441160,45498,open,null,Deprecate passing `rewhere` to `merge`,2,1,HParker,2022-06-30T17:26:43Z,2022-07-12T16:39:56Z,
1290235387,45497,closed,null,Refactor connection handler's establish_connection,0,1,eileencodes,2022-06-30T14:40:06Z,2022-06-30T16:09:29Z,2022-06-30T16:09:26Z
1290205493,45496,open,null,Using scopes with belongs_to/has_many changes the behavior on the result of `collection.create`,4,1,pjambet,2022-06-30T14:17:41Z,2022-07-05T22:12:50Z,
1290203047,45495,closed,null,Update Pull Request Template [ci-skip],0,0,okuramasafumi,2022-06-30T14:15:47Z,2022-09-08T14:35:39Z,2022-09-08T14:35:39Z
1290027475,45494,open,null,Add version selector on API doc [ci-skip],3,1,jean-francois-labbe,2022-06-30T11:56:57Z,2022-07-01T18:32:29Z,
1289785178,45493,closed,null,"Rails: ActionView::Template::Error (wrong number of arguments (given 4, expected 0..1)):",2,0,zolzaya,2022-06-30T08:31:09Z,2022-06-30T23:06:27Z,2022-06-30T23:06:11Z
1289673128,45492,closed,null,silly little change,1,0,LopezJER,2022-06-30T06:43:11Z,2022-06-30T07:10:00Z,2022-06-30T07:09:59Z
